route,distance_m,Name,Zone_Type,Map_Name,Sub_Zone_T,Main_Zone_,Page_No
Route 1,1459.039044443911,Sanjay Gandhi National Park,Eco Sensitive Zone,"Map Sanjay Gandhi NP, Maharashtra _page-0001.jpg",Eco Sensitive Zone,ESZ,12
Route 1,3673.1796749667583,Kesu Bramahanand Reddy National Park,Eco Sensitive Zone,MAP ESZ Kesu-bramahanand_page-0001.jpg,Eco Sensitive Zone,ESZ,34
Route 1,7098.223479315086,Mayureshwar WLS,Eco Sensitive Zone,Map Mayureshwar WLS_page-0002.jpg,Eco Sensitive Zone,ESZ,14
Route 1,12027.363569322468,Tungareshwar WLS,Eco Sensitive Zone,Map tungareshwar WLS_page-0004.jpg,Eco Sensitive Zone,ESZ,13
Route 1,15645.51863211329,Chincholi WLS Karnataka,Eco Sensitive Zone,Chincholi WLS Karnataka,Eco Sensitive Zone,ESZ,35
Route 1,16594.825644627403,Mahavir Harina Vanasthali National Park,Eco Sensitive Zone,"MAP ESZ Mahavir Harina Vanasthali National Park, Telangana_page-0001.jpg",Eco Sensitive Zone,ESZ,22
Route 1,18450.521264062052,Bhimashankar WLS,Eco Sensitive Zone,Map Bhimashankar WLS _page-0001.jpg,Eco Sensitive Zone,ESZ,62
Route 1,19323.249757543286,Gangewadi WLS,Eco Sensitive Zone,Map Gangewadi New Great Indian Bustard WLS_page-0001.jpg,Eco Sensitive Zone,ESZ,9
Route 1,21460.807140152196,Manjeera WLS,Eco Sensitive Zone,"ESZ Map Manjeera Wildlife Sanctuary , Telangana_page-0001.jpg",Eco Sensitive Zone,ESZ,23
Route 1,54222.455653702906,Phansad WLS,Eco Sensitive Zone,"Map Phansad Wildlife Sanctuary, Maharashtra_page-0001.jpg",Eco Sensitive Zone,ESZ,23
Route 2,3398.5572430050133,Kesu Bramahanand Reddy National Park,Eco Sensitive Zone,MAP ESZ Kesu-bramahanand_page-0001.jpg,Eco Sensitive Zone,ESZ,34
Route 2,6590.867341809781,Sanjay Gandhi National Park,Eco Sensitive Zone,"Map Sanjay Gandhi NP, Maharashtra _page-0001.jpg",Eco Sensitive Zone,ESZ,12
Route 2,10398.30206306944,Mahavir Harina Vanasthali National Park,Eco Sensitive Zone,"MAP ESZ Mahavir Harina Vanasthali National Park, Telangana_page-0001.jpg",Eco Sensitive Zone,ESZ,22
Route 2,15667.343032091452,Chincholi WLS Karnataka,Eco Sensitive Zone,Chincholi WLS Karnataka,Eco Sensitive Zone,ESZ,35
Route 2,19326.446376527943,Gangewadi WLS,Eco Sensitive Zone,Map Gangewadi New Great Indian Bustard WLS_page-0001.jpg,Eco Sensitive Zone,ESZ,9
Route 2,21529.623030803912,Manjeera WLS,Eco Sensitive Zone,"ESZ Map Manjeera Wildlife Sanctuary , Telangana_page-0001.jpg",Eco Sensitive Zone,ESZ,23
Route 2,24162.597364477184,Bhimashankar WLS,Eco Sensitive Zone,Map Bhimashankar WLS _page-0001.jpg,Eco Sensitive Zone,ESZ,62
Route 2,25879.917139362795,Tungareshwar WLS,Eco Sensitive Zone,Map tungareshwar WLS_page-0004.jpg,Eco Sensitive Zone,ESZ,13
Route 2,43968.54243902451,Mayureshwar WLS,Eco Sensitive Zone,Map Mayureshwar WLS_page-0002.jpg,Eco Sensitive Zone,ESZ,14
Route 2,53421.039590131106,Phansad WLS,Eco Sensitive Zone,"Map Phansad Wildlife Sanctuary, Maharashtra_page-0001.jpg",Eco Sensitive Zone,ESZ,23
Route 3,3653.661943665297,Kesu Bramahanand Reddy National Park,Eco Sensitive Zone,MAP ESZ Kesu-bramahanand_page-0001.jpg,Eco Sensitive Zone,ESZ,34
Route 3,5649.13182042901,Sanjay Gandhi National Park,Eco Sensitive Zone,"Map Sanjay Gandhi NP, Maharashtra _page-0001.jpg",Eco Sensitive Zone,ESZ,12
Route 3,7089.556458665785,Mayureshwar WLS,Eco Sensitive Zone,Map Mayureshwar WLS_page-0002.jpg,Eco Sensitive Zone,ESZ,14
Route 3,8591.846479459617,Chincholi WLS Karnataka,Eco Sensitive Zone,Chincholi WLS Karnataka,Eco Sensitive Zone,ESZ,35
Route 3,16465.11891129838,Mahavir Harina Vanasthali National Park,Eco Sensitive Zone,"MAP ESZ Mahavir Harina Vanasthali National Park, Telangana_page-0001.jpg",Eco Sensitive Zone,ESZ,22
Route 3,19325.978643657658,Gangewadi WLS,Eco Sensitive Zone,Map Gangewadi New Great Indian Bustard WLS_page-0001.jpg,Eco Sensitive Zone,ESZ,9
Route 3,21440.890021459494,Manjeera WLS,Eco Sensitive Zone,"ESZ Map Manjeera Wildlife Sanctuary , Telangana_page-0001.jpg",Eco Sensitive Zone,ESZ,23
Route 3,25886.216574583297,Tungareshwar WLS,Eco Sensitive Zone,Map tungareshwar WLS_page-0004.jpg,Eco Sensitive Zone,ESZ,13
Route 3,26887.652945048725,Bhimashankar WLS,Eco Sensitive Zone,Map Bhimashankar WLS _page-0001.jpg,Eco Sensitive Zone,ESZ,62
Route 3,50794.02175998081,Phansad WLS,Eco Sensitive Zone,"Map Phansad Wildlife Sanctuary, Maharashtra_page-0001.jpg",Eco Sensitive Zone,ESZ,23
