route,highway_id,road_name,road_type,lane_status,category,status,gis_length_km,intersection_length_m,lane_status_valid,lane_status_clean,road_name_missing,lane_status_missing_or_unknown,intersection_length_km,road_class
Route 1,national_highway_uapdated_30_06_2022_department.453,NH-167N,National Highway,2L,Transport Infrastructure,PRAPOSED,8.69008135098,2.038815873577737,True,2L,False,False,0.002038815873577737,National Highway
Route 1,national_highway_uapdated_30_06_2022_department.488,Miyapur Road,Other Major Road,4L,Transport Infrastructure,EXISTING,6.83065962919,2.062287557326059,True,4L,False,False,0.002062287557326059,Other Major Road
Route 1,national_highway_uapdated_30_06_2022_department.491,NH-65,National Highway,6L,Transport Infrastructure,EXISTING,18.0047180304,2.1911167014024158,True,6L,False,False,0.0021911167014024156,National Highway
Route 1,national_highway_uapdated_30_06_2022_department.706,,National Highway,,Transport Infrastructure,PRAPOSED,0.0,2.016720468484087,False,,True,True,0.002016720468484087,National Highway
Route 1,national_highway_uapdated_30_06_2022_department.820,NH-167N,National Highway,2L,Transport Infrastructure,EXISTING,23.1116760291,2.0005943726977407,True,2L,False,False,0.002000594372697741,National Highway
Route 1,national_highway_uapdated_30_06_2022_department.827,Nehru Outer Ring Road (Hyderabad),State Expressway,8L,Transport Infrastructure,EXISTING,22.837683145,2.0097704232283404,True,8L,False,False,0.0020097704232283405,State Expressway
Route 1,national_highway_uapdated_30_06_2022_department.3307,NH-50,National Highway,4L,Transport Infrastructure,EXISTING,4.60953756196,2.01069008518466,True,4L,False,False,0.00201069008518466,National Highway
Route 1,national_highway_uapdated_30_06_2022_department.3359,NH-150,National Highway,IL,Transport Infrastructure,EXISTING,36.920755539,2.0023869920445883,False,,False,True,0.002002386992044588,National Highway
Route 1,national_highway_uapdated_30_06_2022_department.5628,NH-548A,National Highway,4L,Transport Infrastructure,EXISTING,27.6553040899,2.02426786752231,True,4L,False,False,0.0020242678675223102,National Highway
Route 1,national_highway_uapdated_30_06_2022_department.5898,NH-753F,National Highway,2L,Transport Infrastructure,EXISTING,11.3740348236,2.0625948944607764,True,2L,False,False,0.0020625948944607763,National Highway
Route 1,national_highway_uapdated_30_06_2022_department.5928,NH-48,National Highway,2L,Transport Infrastructure,EXISTING,26.1833204427,2.80267668923218,True,2L,False,False,0.00280267668923218,National Highway
Route 1,national_highway_uapdated_30_06_2022_department.5970,NH-965,National Highway,2L,Transport Infrastructure,EXISTING,30.8443394433,758.5698984111516,True,2L,False,False,0.7585698984111516,National Highway
Route 1,national_highway_uapdated_30_06_2022_department.5972,NH-965,National Highway,4L,Transport Infrastructure,EXISTING,5.29565358432,352.53667555276513,True,4L,False,False,0.35253667555276513,National Highway
Route 1,national_highway_uapdated_30_06_2022_department.5981,NH-965D,National Highway,2L,Transport Infrastructure,EXISTING,45.9956428216,2.116121431446604,True,2L,False,False,0.002116121431446604,National Highway
Route 1,national_highway_uapdated_30_06_2022_department.5985,NH-965,National Highway,4L,Transport Infrastructure,EXISTING,6.71209706613,2.002784090172316,True,4L,False,False,0.002002784090172316,National Highway
Route 1,national_highway_uapdated_30_06_2022_department.5987,NH-65,National Highway,6L,Transport Infrastructure,EXISTING,6.46712019994,3.816951695607445,True,6L,False,False,0.0038169516956074448,National Highway
Route 1,national_highway_uapdated_30_06_2022_department.5989,NH-548E,National Highway,2L,Transport Infrastructure,EXISTING,25.990531479,2.7573058966709727,True,2L,False,False,0.0027573058966709725,National Highway
Route 1,national_highway_uapdated_30_06_2022_department.5992,NH-965,National Highway,2L,Transport Infrastructure,EXISTING,25.9046067694,374.1507856239732,True,2L,False,False,0.3741507856239732,National Highway
Route 1,national_highway_uapdated_30_06_2022_department.5995,NH-65,National Highway,4L,Transport Infrastructure,EXISTING,1.28085054208,482.10944418791576,True,4L,False,False,0.48210944418791574,National Highway
Route 1,national_highway_uapdated_30_06_2022_department.5998,NH-965G,National Highway,2L,Transport Infrastructure,EXISTING,40.6297555856,1148.8967861033382,True,2L,False,False,1.1488967861033381,National Highway
Route 1,national_highway_uapdated_30_06_2022_department.5999,NH-160,National Highway,2L,Transport Infrastructure,EXISTING,22.6653412064,13.214638386970254,True,2L,False,False,0.013214638386970253,National Highway
Route 1,national_highway_uapdated_30_06_2022_department.6008,NH-465,National Highway,2L,Transport Infrastructure,EXISTING,31.8762729775,2.000011475510574,True,2L,False,False,0.002000011475510574,National Highway
Route 1,national_highway_uapdated_30_06_2022_department.6090,NH-965G,National Highway,2L,Transport Infrastructure,EXISTING,21.0072254137,299.95116636581866,True,2L,False,False,0.29995116636581864,National Highway
Route 1,national_highway_uapdated_30_06_2022_department.6091,NH-965G,National Highway,2L,Transport Infrastructure,EXISTING,12.4621801213,142.15488752384647,True,2L,False,False,0.14215488752384647,National Highway
Route 1,national_highway_uapdated_30_06_2022_department.6127,NH-60,National Highway,4L,Transport Infrastructure,EXISTING,6.06788615846,2.126886160358319,True,4L,False,False,0.0021268861603583188,National Highway
Route 1,national_highway_uapdated_30_06_2022_department.6144,NH-965C,National Highway,2L,Transport Infrastructure,EXISTING,0.21156584679,2.0525516607685983,True,2L,False,False,0.0020525516607685984,National Highway
Route 1,national_highway_uapdated_30_06_2022_department.6145,NH-965,National Highway,2L,Transport Infrastructure,EXISTING,0.20329862678,100.97544472413507,True,2L,False,False,0.10097544472413507,National Highway
Route 1,national_highway_uapdated_30_06_2022_department.6146,NH-561A,National Highway,2L,Transport Infrastructure,EXISTING,0.10139949178,0.758917607086084,True,2L,False,False,0.000758917607086084,National Highway
Route 1,national_highway_uapdated_30_06_2022_department.6149,NH-561A,National Highway,2L,Transport Infrastructure,EXISTING,0.59394477461,26.907797304362827,True,2L,False,False,0.026907797304362827,National Highway
Route 1,national_highway_uapdated_30_06_2022_department.6158,NH-465,National Highway,2L,Transport Infrastructure,EXISTING,23.3852076421,2.2383066803007328,True,2L,False,False,0.0022383066803007327,National Highway
Route 1,national_highway_uapdated_30_06_2022_department.6161,Mumbai-Pune Expressway,State Expressway,6L,Transport Infrastructure,EXISTING,39.4900006263,29.86940901613589,True,6L,False,False,0.02986940901613589,State Expressway
Route 1,national_highway_uapdated_30_06_2022_department.6162,Mumbai-Pune Expressway,State Expressway,6L,Transport Infrastructure,EXISTING,4.28741589844,3.364084487357077,True,6L,False,False,0.003364084487357077,State Expressway
Route 1,national_highway_uapdated_30_06_2022_department.6165,NH-48,National Highway,6L,Transport Infrastructure,EXISTING,6.1049377399,2.9715868095300584,True,6L,False,False,0.0029715868095300585,National Highway
Route 1,national_highway_uapdated_30_06_2022_department.6166,Mumbai-Pune Expressway,State Expressway,6L,Transport Infrastructure,EXISTING,6.36463822308,3.659775313413199,True,6L,False,False,0.003659775313413199,State Expressway
Route 1,national_highway_uapdated_30_06_2022_department.6199,NH-150,National Highway,2L,Transport Infrastructure,EXISTING,30.1869555629,2.030661604530961,True,2L,False,False,0.0020306616045309613,National Highway
Route 1,national_highway_uapdated_30_06_2022_department.6203,NH-965,National Highway,2L,Transport Infrastructure,EXISTING,2.37484704439,51.94793332047141,True,2L,False,False,0.05194793332047141,National Highway
Route 1,national_highway_uapdated_30_06_2022_department.6243,NH-548A,National Highway,4L,Transport Infrastructure,EXISTING,25.650889954,2.0029512794783693,True,4L,False,False,0.0020029512794783695,National Highway
Route 1,national_highway_uapdated_30_06_2022_department.6276,NE4,National Highway,8L,Transport Infrastructure,PRAPOSED,2.67670407316,2.105228403809905,True,8L,False,False,0.002105228403809905,National Highway
Route 1,national_highway_uapdated_30_06_2022_department.6279,NH-65,National Highway,6L,Transport Infrastructure,EXISTING,25.9654922968,54.70089799802636,True,6L,False,False,0.05470089799802636,National Highway
Route 1,national_highway_uapdated_30_06_2022_department.6288,NH-160,National Highway,2L,Transport Infrastructure,EXISTING,2.09161124933,68.88058887041254,True,2L,False,False,0.06888058887041254,National Highway
Route 1,national_highway_uapdated_30_06_2022_department.6294,NH-965G,National Highway,,Transport Infrastructure,EXISTING,21.6718707286,2.004473816539363,False,,False,True,0.002004473816539363,National Highway
Route 1,national_highway_uapdated_30_06_2022_department.6301,NH-52,National Highway,4L,Transport Infrastructure,EXISTING,13.5489433571,2.0364358298092555,True,4L,False,False,0.0020364358298092557,National Highway
Route 1,national_highway_uapdated_30_06_2022_department.6321,Solapur Bypass,National Highway,6L,Transport Infrastructure,EXISTING,21.0680979953,2.430275811950886,True,6L,False,False,0.002430275811950886,National Highway
Route 1,national_highway_uapdated_30_06_2022_department.6325,Airoli-Katai Naka Freeway,State Expressway,6L,Transport Infrastructure,PRAPOSED,10.8055288649,2.0006404284728703,True,6L,False,False,0.00200064042847287,State Expressway
Route 1,national_highway_uapdated_30_06_2022_department.6326,Mulund-Airoli Road,Other Major Road,4L,Transport Infrastructure,EXISTING,7.52275776728,2.138619640639579,True,4L,False,False,0.002138619640639579,Other Major Road
Route 1,national_highway_uapdated_30_06_2022_department.6327,Airoli-Shilpata Road,Other Major Road,4L,Transport Infrastructure,EXISTING,12.2542895471,2.0021595918939274,True,4L,False,False,0.0020021595918939274,Other Major Road
Route 1,national_highway_uapdated_30_06_2022_department.6352,NH-548C,National Highway,2L,Transport Infrastructure,EXISTING,3.04449201025,3.0575279136045186,True,2L,False,False,0.0030575279136045184,National Highway
Route 1,national_highway_uapdated_30_06_2022_department.6364,NH-348A,National Highway,8L,Transport Infrastructure,EXISTING,2.34564499283,2.0001242669644568,True,8L,False,False,0.002000124266964457,National Highway
Route 1,national_highway_uapdated_30_06_2022_department.6372,NH-561A,National Highway,2L,Transport Infrastructure,EXISTING,0.83455972605,2.059988027466651,True,2L,False,False,0.002059988027466651,National Highway
Route 1,national_highway_uapdated_30_06_2022_department.6469,NH-965,National Highway,2L,Transport Infrastructure,EXISTING,13.4354734872,3.5854791809004483,True,2L,False,False,0.003585479180900448,National Highway
Route 1,national_highway_uapdated_30_06_2022_department.6472,NH-965G,National Highway,2L,Transport Infrastructure,UNDER CONSTRUCTION,4.69089666513,5.380025143422776,True,2L,False,False,0.0053800251434227755,National Highway
Route 1,national_highway_uapdated_30_06_2022_department.6473,NH-965G,National Highway,2L,Transport Infrastructure,PRAPOSED,2.57261001074,5.210390089137274,True,2L,False,False,0.005210390089137274,National Highway
Route 1,national_highway_uapdated_30_06_2022_department.6621,NH-65,National Highway,4L,Transport Infrastructure,EXISTING,1.28085054208,482.10944418791576,True,4L,False,False,0.48210944418791574,National Highway
Route 1,national_highway_uapdated_30_06_2022_department.6687,NH-48,National Highway,6L,Transport Infrastructure,EXISTING,6.54298756068,2.3364353246886584,True,6L,False,False,0.0023364353246886583,National Highway
Route 1,national_highway_uapdated_30_06_2022_department.6743,NH-548B,National Highway,2L,Transport Infrastructure,EXISTING,18.3301898982,2.002966457705436,True,2L,False,False,0.002002966457705436,National Highway
Route 1,national_highway_uapdated_30_06_2022_department.9482,NH-166,National Highway,4L,Transport Infrastructure,EXISTING,21.7244809746,2.0139125600326877,True,4L,False,False,0.002013912560032688,National Highway
Route 1,national_highway_uapdated_30_06_2022_department.9936,NH-548,National Highway,8L,Transport Infrastructure,EXISTING,4.51448181138,2.0181124721564765,True,8L,False,False,0.0020181124721564765,National Highway
Route 1,national_highway_uapdated_30_06_2022_department.10005,NH-548D,National Highway,2L,Transport Infrastructure,EXISTING,23.0335149694,2.044592214231336,True,2L,False,False,0.002044592214231336,National Highway
Route 1,national_highway_uapdated_30_06_2022_department.10009,NH-965,National Highway,2L,Transport Infrastructure,EXISTING,4.72899311959,2.8274330852720784,True,2L,False,False,0.0028274330852720783,National Highway
Route 1,national_highway_uapdated_30_06_2022_department.10292,Solapur-Kurnool Corridor,National Highway,6L,Transport Infrastructure,,23.72481438233,2.705177491732467,True,6L,False,False,0.0027051774917324673,National Highway
Route 2,national_highway_uapdated_30_06_2022_department.453,NH-167N,National Highway,2L,Transport Infrastructure,PRAPOSED,8.69008135098,2.001602180505833,True,2L,False,False,0.0020016021805058333,National Highway
Route 2,national_highway_uapdated_30_06_2022_department.488,Miyapur Road,Other Major Road,4L,Transport Infrastructure,EXISTING,6.83065962919,2.049238943428105,True,4L,False,False,0.002049238943428105,Other Major Road
Route 2,national_highway_uapdated_30_06_2022_department.490,Inner Ring Road,National Highway,4L,Transport Infrastructure,EXISTING,2.57499552405,2.005196271802766,True,4L,False,False,0.002005196271802766,National Highway
Route 2,national_highway_uapdated_30_06_2022_department.491,NH-65,National Highway,6L,Transport Infrastructure,EXISTING,18.0047180304,4.431206992520126,True,6L,False,False,0.004431206992520126,National Highway
Route 2,national_highway_uapdated_30_06_2022_department.706,,National Highway,,Transport Infrastructure,PRAPOSED,0.0,2.0412425489968338,False,,True,True,0.0020412425489968336,National Highway
Route 2,national_highway_uapdated_30_06_2022_department.820,NH-167N,National Highway,2L,Transport Infrastructure,EXISTING,23.1116760291,2.0000269150240118,True,2L,False,False,0.0020000269150240117,National Highway
Route 2,national_highway_uapdated_30_06_2022_department.827,Nehru Outer Ring Road (Hyderabad),State Expressway,8L,Transport Infrastructure,EXISTING,22.837683145,2.040316443013026,True,8L,False,False,0.002040316443013026,State Expressway
Route 2,national_highway_uapdated_30_06_2022_department.3307,NH-50,National Highway,4L,Transport Infrastructure,EXISTING,4.60953756196,2.012050922520888,True,4L,False,False,0.002012050922520888,National Highway
Route 2,national_highway_uapdated_30_06_2022_department.3359,NH-150,National Highway,IL,Transport Infrastructure,EXISTING,36.920755539,2.0037845306419952,False,,False,True,0.0020037845306419954,National Highway
Route 2,national_highway_uapdated_30_06_2022_department.5898,NH-753F,National Highway,2L,Transport Infrastructure,EXISTING,11.3740348236,2.0757302086547558,True,2L,False,False,0.002075730208654756,National Highway
Route 2,national_highway_uapdated_30_06_2022_department.5919,NH-548C,National Highway,2L,Transport Infrastructure,EXISTING,57.1214906962,971.5966082048652,True,2L,False,False,0.9715966082048653,National Highway
Route 2,national_highway_uapdated_30_06_2022_department.5927,NH-48,National Highway,4L,Transport Infrastructure,EXISTING,2.43286399645,6.262662223595953,True,4L,False,False,0.006262662223595953,National Highway
Route 2,national_highway_uapdated_30_06_2022_department.5928,NH-48,National Highway,2L,Transport Infrastructure,EXISTING,26.1833204427,2.6901996191817323,True,2L,False,False,0.0026901996191817323,National Highway
Route 2,national_highway_uapdated_30_06_2022_department.5953,NH-48,National Highway,6L,Transport Infrastructure,EXISTING,29.6615605292,137.70866108810094,True,6L,False,False,0.13770866108810093,National Highway
Route 2,national_highway_uapdated_30_06_2022_department.5970,NH-965,National Highway,2L,Transport Infrastructure,EXISTING,30.8443394433,97.71276588658664,True,2L,False,False,0.09771276588658664,National Highway
Route 2,national_highway_uapdated_30_06_2022_department.5972,NH-965,National Highway,4L,Transport Infrastructure,EXISTING,5.29565358432,31.1809608607067,True,4L,False,False,0.0311809608607067,National Highway
Route 2,national_highway_uapdated_30_06_2022_department.5973,NH-561A,National Highway,2L,Transport Infrastructure,EXISTING,2.70823178257,2.000246580608421,True,2L,False,False,0.002000246580608421,National Highway
Route 2,national_highway_uapdated_30_06_2022_department.5975,NH-548C,National Highway,2L,Transport Infrastructure,EXISTING,28.5417599406,2.0099381656031903,True,2L,False,False,0.00200993816560319,National Highway
Route 2,national_highway_uapdated_30_06_2022_department.5988,NH-965G,National Highway,2L,Transport Infrastructure,EXISTING,32.2098396956,2.0661171783626244,True,2L,False,False,0.0020661171783626243,National Highway
Route 2,national_highway_uapdated_30_06_2022_department.5990,NH-548E,National Highway,2L,Transport Infrastructure,EXISTING,27.3655887804,8.158156852899337,True,2L,False,False,0.008158156852899338,National Highway
Route 2,national_highway_uapdated_30_06_2022_department.6008,NH-465,National Highway,2L,Transport Infrastructure,EXISTING,31.8762729775,2.1380259592264466,True,2L,False,False,0.0021380259592264465,National Highway
Route 2,national_highway_uapdated_30_06_2022_department.6085,NH-48,National Highway,6L,Transport Infrastructure,EXISTING,37.7190694145,172.9945285125453,True,6L,False,False,0.1729945285125453,National Highway
Route 2,national_highway_uapdated_30_06_2022_department.6127,NH-60,National Highway,4L,Transport Infrastructure,EXISTING,6.06788615846,256.8319199820452,True,4L,False,False,0.2568319199820452,National Highway
Route 2,national_highway_uapdated_30_06_2022_department.6128,NH-65,National Highway,4L,Transport Infrastructure,EXISTING,5.76643606622,144.74197174799872,True,4L,False,False,0.14474197174799872,National Highway
Route 2,national_highway_uapdated_30_06_2022_department.6144,NH-965C,National Highway,2L,Transport Infrastructure,EXISTING,0.21156584679,1.457802015708643,True,2L,False,False,0.0014578020157086432,National Highway
Route 2,national_highway_uapdated_30_06_2022_department.6145,NH-965,National Highway,2L,Transport Infrastructure,EXISTING,0.20329862678,19.04563589721445,True,2L,False,False,0.01904563589721445,National Highway
Route 2,national_highway_uapdated_30_06_2022_department.6154,NH-65,National Highway,4L,Transport Infrastructure,EXISTING,12.0422150989,2.2758567373415803,True,4L,False,False,0.0022758567373415803,National Highway
Route 2,national_highway_uapdated_30_06_2022_department.6158,NH-465,National Highway,2L,Transport Infrastructure,EXISTING,23.3852076421,2.0837240557456758,True,2L,False,False,0.0020837240557456758,National Highway
Route 2,national_highway_uapdated_30_06_2022_department.6161,Mumbai-Pune Expressway,State Expressway,6L,Transport Infrastructure,EXISTING,39.4900006263,2.0000519895938083,True,6L,False,False,0.0020000519895938085,State Expressway
Route 2,national_highway_uapdated_30_06_2022_department.6162,Mumbai-Pune Expressway,State Expressway,6L,Transport Infrastructure,EXISTING,4.28741589844,3.635064263393173,True,6L,False,False,0.003635064263393173,State Expressway
Route 2,national_highway_uapdated_30_06_2022_department.6165,NH-48,National Highway,6L,Transport Infrastructure,EXISTING,6.1049377399,3.892826606844801,True,6L,False,False,0.003892826606844801,National Highway
Route 2,national_highway_uapdated_30_06_2022_department.6166,Mumbai-Pune Expressway,State Expressway,6L,Transport Infrastructure,EXISTING,6.36463822308,3.365256465244367,True,6L,False,False,0.003365256465244367,State Expressway
Route 2,national_highway_uapdated_30_06_2022_department.6169,NH-48,National Highway,4L,Transport Infrastructure,EXISTING,6.46153828373,65.42144872853257,True,4L,False,False,0.06542144872853256,National Highway
Route 2,national_highway_uapdated_30_06_2022_department.6199,NH-150,National Highway,2L,Transport Infrastructure,EXISTING,30.1869555629,2.142944338018024,True,2L,False,False,0.002142944338018024,National Highway
Route 2,national_highway_uapdated_30_06_2022_department.6200,NH-60,National Highway,2L,Transport Infrastructure,EXISTING,7.70437715396,174.28390711421787,True,2L,False,False,0.17428390711421787,National Highway
Route 2,national_highway_uapdated_30_06_2022_department.6203,NH-965,National Highway,2L,Transport Infrastructure,EXISTING,2.37484704439,9.101877549734798,True,2L,False,False,0.009101877549734799,National Highway
Route 2,national_highway_uapdated_30_06_2022_department.6242,NH-48,National Highway,4L,Transport Infrastructure,EXISTING,24.7726147507,70.38843059139893,True,4L,False,False,0.07038843059139893,National Highway
Route 2,national_highway_uapdated_30_06_2022_department.6276,NE4,National Highway,8L,Transport Infrastructure,PRAPOSED,2.67670407316,2.08995295253212,True,8L,False,False,0.00208995295253212,National Highway
Route 2,national_highway_uapdated_30_06_2022_department.6279,NH-65,National Highway,6L,Transport Infrastructure,EXISTING,25.9654922968,13.068326811482928,True,6L,False,False,0.013068326811482928,National Highway
Route 2,national_highway_uapdated_30_06_2022_department.6301,NH-52,National Highway,4L,Transport Infrastructure,EXISTING,13.5489433571,2.038211555509068,True,4L,False,False,0.0020382115555090683,National Highway
Route 2,national_highway_uapdated_30_06_2022_department.6321,Solapur Bypass,National Highway,6L,Transport Infrastructure,EXISTING,21.0680979953,2.207237293293599,True,6L,False,False,0.002207237293293599,National Highway
Route 2,national_highway_uapdated_30_06_2022_department.6333,Eastern Expressway,Other Major Road,6L,Transport Infrastructure,EXISTING,22.072392501,2.002098792319331,True,6L,False,False,0.002002098792319331,Other Major Road
Route 2,national_highway_uapdated_30_06_2022_department.6364,NH-348A,National Highway,8L,Transport Infrastructure,EXISTING,2.34564499283,2.000150640258868,True,8L,False,False,0.0020001506402588676,National Highway
Route 2,national_highway_uapdated_30_06_2022_department.6569,NH-48,National Highway,6L,Transport Infrastructure,EXISTING,10.3966431554,34.67209154248206,True,6L,False,False,0.034672091542482054,National Highway
Route 2,national_highway_uapdated_30_06_2022_department.6687,NH-48,National Highway,6L,Transport Infrastructure,EXISTING,6.54298756068,2.2872582864595405,True,6L,False,False,0.0022872582864595405,National Highway
Route 2,national_highway_uapdated_30_06_2022_department.6743,NH-548B,National Highway,2L,Transport Infrastructure,EXISTING,18.3301898982,2.0135864834278667,True,2L,False,False,0.0020135864834278667,National Highway
Route 2,national_highway_uapdated_30_06_2022_department.6762,NH-160,National Highway,4L,Transport Infrastructure,EXISTING,43.5396429235,2.008150247417349,True,4L,False,False,0.002008150247417349,National Highway
Route 2,national_highway_uapdated_30_06_2022_department.9482,NH-166,National Highway,4L,Transport Infrastructure,EXISTING,21.7244809746,2.014547288639723,True,4L,False,False,0.002014547288639723,National Highway
Route 2,national_highway_uapdated_30_06_2022_department.9936,NH-548,National Highway,8L,Transport Infrastructure,EXISTING,4.51448181138,2.001726563870032,True,8L,False,False,0.002001726563870032,National Highway
Route 2,national_highway_uapdated_30_06_2022_department.10005,NH-548D,National Highway,2L,Transport Infrastructure,EXISTING,23.0335149694,3.1211589128693253,True,2L,False,False,0.0031211589128693254,National Highway
Route 2,national_highway_uapdated_30_06_2022_department.10012,NH-965DD,National Highway,2L,Transport Infrastructure,EXISTING,58.3301894233,2.062347361487614,True,2L,False,False,0.002062347361487614,National Highway
Route 2,national_highway_uapdated_30_06_2022_department.10014,NH-965D,National Highway,2L,Transport Infrastructure,EXISTING,43.259568612,2.377267234591059,True,2L,False,False,0.002377267234591059,National Highway
Route 2,national_highway_uapdated_30_06_2022_department.10257,NH-48,National Highway,6L,Transport Infrastructure,EXISTING,29.6615605292,76.35641432715794,True,6L,False,False,0.07635641432715794,National Highway
Route 2,national_highway_uapdated_30_06_2022_department.10259,NH-48,National Highway,6L,Transport Infrastructure,EXISTING,8.72128051633,40.05162010953431,True,6L,False,False,0.040051620109534315,National Highway
Route 2,national_highway_uapdated_30_06_2022_department.10292,Solapur-Kurnool Corridor,National Highway,6L,Transport Infrastructure,,23.72481438233,2.6822287568097174,True,6L,False,False,0.0026822287568097174,National Highway
Route 3,national_highway_uapdated_30_06_2022_department.488,Miyapur Road,Other Major Road,4L,Transport Infrastructure,EXISTING,6.83065962919,2.025057347188045,True,4L,False,False,0.002025057347188045,Other Major Road
Route 3,national_highway_uapdated_30_06_2022_department.491,NH-65,National Highway,6L,Transport Infrastructure,EXISTING,18.0047180304,2.2053953798093326,True,6L,False,False,0.0022053953798093326,National Highway
Route 3,national_highway_uapdated_30_06_2022_department.499,NH-65,National Highway,4L,Transport Infrastructure,EXISTING,9.90668444259,2.0681451720639483,True,4L,False,False,0.002068145172063948,National Highway
Route 3,national_highway_uapdated_30_06_2022_department.706,,National Highway,,Transport Infrastructure,PRAPOSED,0.0,2.0000176834985623,False,,True,True,0.002000017683498562,National Highway
Route 3,national_highway_uapdated_30_06_2022_department.827,Nehru Outer Ring Road (Hyderabad),State Expressway,8L,Transport Infrastructure,EXISTING,22.837683145,2.0079621249038824,True,8L,False,False,0.0020079621249038822,State Expressway
Route 3,national_highway_uapdated_30_06_2022_department.3210,NH-50,National Highway,2L,Transport Infrastructure,EXISTING,46.3305037523,6.310652780851342,True,2L,False,False,0.006310652780851342,National Highway
Route 3,national_highway_uapdated_30_06_2022_department.3213,NH-65,National Highway,4L,Transport Infrastructure,EXISTING,30.3449775969,2.0000706562997363,True,4L,False,False,0.0020000706562997364,National Highway
Route 3,national_highway_uapdated_30_06_2022_department.3268,NH-50,National Highway,4L,Transport Infrastructure,EXISTING,60.831992566,3.466746296435942,True,4L,False,False,0.003466746296435942,National Highway
Route 3,national_highway_uapdated_30_06_2022_department.5603,NH-965,National Highway,2L,Transport Infrastructure,EXISTING,7.70853684055,104.83690619100454,True,2L,False,False,0.10483690619100454,National Highway
Route 3,national_highway_uapdated_30_06_2022_department.5898,NH-753F,National Highway,2L,Transport Infrastructure,EXISTING,11.3740348236,2.7274124634192267,True,2L,False,False,0.002727412463419227,National Highway
Route 3,national_highway_uapdated_30_06_2022_department.5899,NH-65,National Highway,4L,Transport Infrastructure,EXISTING,3.94120660501,99.0242735588556,True,4L,False,False,0.0990242735588556,National Highway
Route 3,national_highway_uapdated_30_06_2022_department.5972,NH-965,National Highway,4L,Transport Infrastructure,EXISTING,5.29565358432,27.376134210874312,True,4L,False,False,0.02737613421087431,National Highway
Route 3,national_highway_uapdated_30_06_2022_department.5973,NH-561A,National Highway,2L,Transport Infrastructure,EXISTING,2.70823178257,2.000015493170441,True,2L,False,False,0.0020000154931704406,National Highway
Route 3,national_highway_uapdated_30_06_2022_department.5974,NH-965,National Highway,2L,Transport Infrastructure,EXISTING,50.0425728813,793.3288062875773,True,2L,False,False,0.7933288062875773,National Highway
Route 3,national_highway_uapdated_30_06_2022_department.5975,NH-548C,National Highway,2L,Transport Infrastructure,EXISTING,28.5417599406,2.306873428535947,True,2L,False,False,0.0023068734285359473,National Highway
Route 3,national_highway_uapdated_30_06_2022_department.5980,NH-965,National Highway,4L,Transport Infrastructure,EXISTING,56.9593941893,4.810420143189711,True,4L,False,False,0.004810420143189711,National Highway
Route 3,national_highway_uapdated_30_06_2022_department.5981,NH-965D,National Highway,2L,Transport Infrastructure,EXISTING,45.9956428216,2.056758787538315,True,2L,False,False,0.002056758787538315,National Highway
Route 3,national_highway_uapdated_30_06_2022_department.5989,NH-548E,National Highway,2L,Transport Infrastructure,EXISTING,25.990531479,3.627157796499061,True,2L,False,False,0.003627157796499061,National Highway
Route 3,national_highway_uapdated_30_06_2022_department.5992,NH-965,National Highway,2L,Transport Infrastructure,EXISTING,25.9046067694,784.5654998690956,True,2L,False,False,0.7845654998690955,National Highway
Route 3,national_highway_uapdated_30_06_2022_department.5994,NH-965,National Highway,2L,Transport Infrastructure,EXISTING,13.9034689927,84.6894615266757,True,2L,False,False,0.0846894615266757,National Highway
Route 3,national_highway_uapdated_30_06_2022_department.5999,NH-160,National Highway,2L,Transport Infrastructure,EXISTING,22.6653412064,22.571951653173542,True,2L,False,False,0.022571951653173543,National Highway
Route 3,national_highway_uapdated_30_06_2022_department.6008,NH-465,National Highway,2L,Transport Infrastructure,EXISTING,31.8762729775,2.5534403082868864,True,2L,False,False,0.0025534403082868866,National Highway
Route 3,national_highway_uapdated_30_06_2022_department.6091,NH-965G,National Highway,2L,Transport Infrastructure,EXISTING,12.4621801213,2.1980592821172587,True,2L,False,False,0.002198059282117259,National Highway
Route 3,national_highway_uapdated_30_06_2022_department.6144,NH-965C,National Highway,2L,Transport Infrastructure,EXISTING,0.21156584679,2.6197207819172896,True,2L,False,False,0.0026197207819172895,National Highway
Route 3,national_highway_uapdated_30_06_2022_department.6145,NH-965,National Highway,2L,Transport Infrastructure,EXISTING,0.20329862678,4.054366015711347,True,2L,False,False,0.0040543660157113465,National Highway
Route 3,national_highway_uapdated_30_06_2022_department.6149,NH-561A,National Highway,2L,Transport Infrastructure,EXISTING,0.59394477461,11.740747858754547,True,2L,False,False,0.011740747858754548,National Highway
Route 3,national_highway_uapdated_30_06_2022_department.6154,NH-65,National Highway,4L,Transport Infrastructure,EXISTING,12.0422150989,426.09831207982063,True,4L,False,False,0.42609831207982063,National Highway
Route 3,national_highway_uapdated_30_06_2022_department.6158,NH-465,National Highway,2L,Transport Infrastructure,EXISTING,23.3852076421,96.68617408007654,True,2L,False,False,0.09668617408007654,National Highway
Route 3,national_highway_uapdated_30_06_2022_department.6160,NH-166,National Highway,4L,Transport Infrastructure,EXISTING,21.7244809746,68.14664952414407,True,4L,False,False,0.06814664952414407,National Highway
Route 3,national_highway_uapdated_30_06_2022_department.6161,Mumbai-Pune Expressway,State Expressway,6L,Transport Infrastructure,EXISTING,39.4900006263,756.4722143079879,True,6L,False,False,0.7564722143079878,State Expressway
Route 3,national_highway_uapdated_30_06_2022_department.6162,Mumbai-Pune Expressway,State Expressway,6L,Transport Infrastructure,EXISTING,4.28741589844,9.150844547249749,True,6L,False,False,0.009150844547249749,State Expressway
Route 3,national_highway_uapdated_30_06_2022_department.6163,NH-48,National Highway,4L,Transport Infrastructure,EXISTING,2.09902794621,2.0033305099126597,True,4L,False,False,0.0020033305099126596,National Highway
Route 3,national_highway_uapdated_30_06_2022_department.6167,NH-548A,National Highway,2L,Transport Infrastructure,EXISTING,4.08299860161,2.197186190345376,True,2L,False,False,0.002197186190345376,National Highway
Route 3,national_highway_uapdated_30_06_2022_department.6168,Mumbai-Pune Expressway,State Expressway,6L,Transport Infrastructure,EXISTING,23.9140964382,246.27161766799205,True,6L,False,False,0.24627161766799205,State Expressway
Route 3,national_highway_uapdated_30_06_2022_department.6170,Mumbai-Pune Expressway,State Expressway,6L,Transport Infrastructure,EXISTING,8.64806954135,2.035107776667137,True,6L,False,False,0.002035107776667137,State Expressway
Route 3,national_highway_uapdated_30_06_2022_department.6199,NH-150,National Highway,2L,Transport Infrastructure,EXISTING,30.1869555629,2.0028562584890475,True,2L,False,False,0.0020028562584890473,National Highway
Route 3,national_highway_uapdated_30_06_2022_department.6200,NH-60,National Highway,2L,Transport Infrastructure,EXISTING,7.70437715396,2.4079048227083635,True,2L,False,False,0.0024079048227083634,National Highway
Route 3,national_highway_uapdated_30_06_2022_department.6203,NH-965,National Highway,2L,Transport Infrastructure,EXISTING,2.37484704439,18.276403030276413,True,2L,False,False,0.018276403030276413,National Highway
Route 3,national_highway_uapdated_30_06_2022_department.6276,NE4,National Highway,8L,Transport Infrastructure,PRAPOSED,2.67670407316,2.028686865843205,True,8L,False,False,0.0020286868658432053,National Highway
Route 3,national_highway_uapdated_30_06_2022_department.6288,NH-160,National Highway,2L,Transport Infrastructure,EXISTING,2.09161124933,13.791388546782906,True,2L,False,False,0.013791388546782907,National Highway
Route 3,national_highway_uapdated_30_06_2022_department.6301,NH-52,National Highway,4L,Transport Infrastructure,EXISTING,13.5489433571,2.051373960195608,True,4L,False,False,0.002051373960195608,National Highway
Route 3,national_highway_uapdated_30_06_2022_department.6311,NH-548B,National Highway,2L,Transport Infrastructure,EXISTING,18.3301898982,2.2426911147816697,True,2L,False,False,0.0022426911147816696,National Highway
Route 3,national_highway_uapdated_30_06_2022_department.6321,Solapur Bypass,National Highway,6L,Transport Infrastructure,EXISTING,21.0680979953,2.416806244153701,True,6L,False,False,0.0024168062441537012,National Highway
Route 3,national_highway_uapdated_30_06_2022_department.6331,Western Expressway,Other Major Road,6L,Transport Infrastructure,EXISTING,30.4375035906,23.856710353394405,True,6L,False,False,0.023856710353394404,Other Major Road
Route 3,national_highway_uapdated_30_06_2022_department.6333,Eastern Expressway,Other Major Road,6L,Transport Infrastructure,EXISTING,22.072392501,2.002047472273415,True,6L,False,False,0.002002047472273415,Other Major Road
Route 3,national_highway_uapdated_30_06_2022_department.6364,NH-348A,National Highway,8L,Transport Infrastructure,EXISTING,2.34564499283,2.0038377091535287,True,8L,False,False,0.0020038377091535285,National Highway
Route 3,national_highway_uapdated_30_06_2022_department.6476,NH-965,National Highway,,Transport Infrastructure,EXISTING,6.16104212369,40.28130451834034,False,,False,True,0.04028130451834034,National Highway
Route 3,national_highway_uapdated_30_06_2022_department.6687,NH-48,National Highway,6L,Transport Infrastructure,EXISTING,6.54298756068,2.4760543895701543,True,6L,False,False,0.0024760543895701544,National Highway
Route 3,national_highway_uapdated_30_06_2022_department.9482,NH-166,National Highway,4L,Transport Infrastructure,EXISTING,21.7244809746,6.647991557184453,True,4L,False,False,0.006647991557184453,National Highway
Route 3,national_highway_uapdated_30_06_2022_department.9936,NH-548,National Highway,8L,Transport Infrastructure,EXISTING,4.51448181138,2.0463060723386706,True,8L,False,False,0.0020463060723386706,National Highway
Route 3,national_highway_uapdated_30_06_2022_department.10008,NH-965,National Highway,4L,Transport Infrastructure,EXISTING,56.9593941893,266.5838491115528,True,4L,False,False,0.2665838491115528,National Highway
Route 3,national_highway_uapdated_30_06_2022_department.10258,NH-48,National Highway,6L,Transport Infrastructure,EXISTING,19.86729772,261.4052789027631,True,6L,False,False,0.2614052789027631,National Highway
Route 3,national_highway_uapdated_30_06_2022_department.10259,NH-48,National Highway,6L,Transport Infrastructure,EXISTING,8.72128051633,3.3031633790638453,True,6L,False,False,0.0033031633790638454,National Highway
Route 3,national_highway_uapdated_30_06_2022_department.10260,NH-48,National Highway,6L,Transport Infrastructure,EXISTING,7.72736937387,450.1067987720005,True,6L,False,False,0.4501067987720005,National Highway
Route 3,national_highway_uapdated_30_06_2022_department.10292,Solapur-Kurnool Corridor,National Highway,6L,Transport Infrastructure,,23.72481438233,2.3670858962273345,True,6L,False,False,0.0023670858962273346,National Highway
