builtup_patch_id,chainage_km,latitude,longitude,affected_area_m2,calculation,affected_area_km2
1,0.0,19.064822528541658,72.87926137559641,70622.02013672108,"70622.020137 / 1,000,000",0.07062202013672109
2,13.7,19.06342585164501,72.99969309053076,1046.3895783435714,"1046.389578 / 1,000,000",0.0010463895783435714
3,14.0,19.064365093521367,73.00236631521577,16289.470125847869,"16289.470126 / 1,000,000",0.01628947012584787
4,14.9,19.06617184407078,73.01070000144185,942.6455769171241,"942.645577 / 1,000,000",0.0009426455769171241
5,18.0,19.04378334755815,73.01878438416061,4045.0835344599773,"4045.083534 / 1,000,000",0.004045083534459978
6,19.0,19.03477495428781,73.01808676810377,900.4405998088354,"900.440600 / 1,000,000",0.0009004405998088354
7,21.8,19.01632036075707,73.02876434323416,1471.3064350075222,"1471.306435 / 1,000,000",0.001471306435007522
8,22.6,19.017176279524154,73.03627078742696,3418.28384042313,"3418.283840 / 1,000,000",0.0034182838404231302
9,24.2,19.02167219771754,73.04981971678663,638.6511561495829,"638.651156 / 1,000,000",0.0006386511561495829
10,28.0,19.017841626335816,73.07947255938475,3337.7256458308075,"3337.725646 / 1,000,000",0.0033377256458308074
11,30.7,19.006085626261296,73.100819285505,1962.0678030287966,"1962.067803 / 1,000,000",0.0019620678030287967
12,32.1,18.99981389958538,73.11234714493845,1378.123497603167,"1378.123498 / 1,000,000",0.001378123497603167
13,32.8,18.995139375694848,73.11682364690962,3618.378182374216,"3618.378182 / 1,000,000",0.003618378182374216
14,33.5,18.99068459199341,73.12153763609588,513.0800669149577,"513.080067 / 1,000,000",0.0005130800669149577
15,34.7,18.983146418224106,73.12972350283513,5320.935969410581,"5320.935969 / 1,000,000",0.00532093596941058
16,35.1,18.980680843680354,73.13250011710322,1124.3439887355728,"1124.343989 / 1,000,000",0.0011243439887355729
17,35.3,18.97944803791873,73.13388839375962,280.15963523393793,"280.159635 / 1,000,000",0.0002801596352339379
18,35.6,18.97796940310738,73.13618334011593,1409.214704128425,"1409.214704 / 1,000,000",0.001409214704128425
19,37.6,18.97336861974584,73.1545459459174,178.2443463649382,"178.244346 / 1,000,000",0.0001782443463649382
20,39.6,18.966092524042757,73.17144378396468,574.7149300694671,"574.714930 / 1,000,000",0.0005747149300694671
21,46.5,18.91613282152943,73.20639521729727,1543.1144288994078,"1543.114429 / 1,000,000",0.001543114428899408
22,48.0,18.90501227280419,73.21368762556972,194.01498293770263,"194.014983 / 1,000,000",0.00019401498293770262
23,48.7,18.903648301334293,73.22010022564777,1084.8331018863107,"1084.833102 / 1,000,000",0.0010848331018863107
24,49.2,18.903358049555255,73.22483622877346,722.71728121655,"722.717281 / 1,000,000",0.0007227172812165499
25,49.4,18.903273409436164,73.22673238377237,5308.652624121345,"5308.652624 / 1,000,000",0.005308652624121345
26,50.9,18.902288514990822,73.24092780776893,520.5730511861688,"520.573051 / 1,000,000",0.0005205730511861688
27,52.2,18.89742522048965,73.25188916246864,52.29148478277919,"52.291485 / 1,000,000",5.229148478277919e-05
28,52.3,18.896826574260242,73.25259999347519,495.12462079351815,"495.124621 / 1,000,000",0.0004951246207935182
29,52.4,18.896227924865332,73.25331081947574,3725.566578298588,"3725.566578 / 1,000,000",0.003725566578298588
30,54.2,18.885743025814307,73.26603069933158,549.2169668407587,"549.216967 / 1,000,000",0.0005492169668407587
31,55.8,18.87230103508673,73.27149628676742,315.97363872644075,"315.973639 / 1,000,000",0.00031597363872644076
32,60.5,18.834571315501513,73.28738523009605,387.191327421338,"387.191327 / 1,000,000",0.000387191327421338
33,60.7,18.833186386675155,73.28860397271303,169.47006097875735,"169.470061 / 1,000,000",0.00016947006097875735
34,61.0,18.831082493460876,73.29039630712721,463.294608062239,"463.294608 / 1,000,000",0.00046329460806223896
35,61.8,18.825221709336773,73.29483781539601,405.90239196206,"405.902392 / 1,000,000",0.00040590239196206
36,61.9,18.824489101913922,73.29539298166168,715.9687505135074,"715.968751 / 1,000,000",0.0007159687505135074
37,63.2,18.81688768115774,73.30445272044652,652.0185009498105,"652.018501 / 1,000,000",0.0006520185009498105
38,63.5,18.81589887740735,73.30710267416198,854.9679971989583,"854.967997 / 1,000,000",0.0008549679971989583
39,63.9,18.813629400371404,73.31000181114685,248.96275233793125,"248.962752 / 1,000,000",0.00024896275233793124
40,64.1,18.81238729245994,73.31137977434521,325.39550316965904,"325.395503 / 1,000,000",0.000325395503169659
41,64.2,18.811766234030195,73.31206874838593,128.59014016507095,"128.590140 / 1,000,000",0.00012859014016507094
42,64.4,18.81052410822408,73.31344668135138,1199.1251342577054,"1199.125134 / 1,000,000",0.0011991251342577055
43,65.9,18.801497647503492,73.32364036522436,1199.3743129734394,"1199.374313 / 1,000,000",0.0011993743129734393
44,66.4,18.798483786498025,73.32715577462486,531.9780229909302,"531.978023 / 1,000,000",0.0005319780229909301
45,67.0,18.795308353953626,73.33166744328635,1957.1995535470842,"1957.199554 / 1,000,000",0.001957199553547084
46,68.0,18.79100557197305,73.34000722441868,5656.999198827291,"5656.999199 / 1,000,000",0.005656999198827292
47,69.7,18.78245530795876,73.35335715262704,1099.0609447838387,"1099.060945 / 1,000,000",0.0010990609447838388
48,73.6,18.76120757266931,73.37984837878544,689.3221763229362,"689.322176 / 1,000,000",0.0006893221763229362
49,73.8,18.760506395128257,73.38159515825069,308.4096327929221,"308.409633 / 1,000,000",0.00030840963279292206
50,73.9,18.760087903606365,73.38243570327805,525.5550996103578,"525.555100 / 1,000,000",0.0005255550996103579
51,74.0,18.75966940797331,73.38327624438519,2212.1163669155844,"2212.116367 / 1,000,000",0.0022121163669155844
52,74.2,18.75914754670899,73.38501898468512,4184.7104532563035,"4184.710453 / 1,000,000",0.0041847104532563035
53,76.2,18.75323485667521,73.40224846847114,930.4588908503029,"930.458891 / 1,000,000",0.0009304588908503028
54,77.0,18.749236367993806,73.40852449525636,967.4239122857622,"967.423912 / 1,000,000",0.0009674239122857621
55,79.4,18.744472694537674,73.43069290738852,6078.536899897109,"6078.536900 / 1,000,000",0.006078536899897109
56,81.9,18.741107387708933,73.45410847605322,583.9314587571996,"583.931459 / 1,000,000",0.0005839314587571996
57,83.9,18.742570560520438,73.47282142784498,5264.296151989939,"5264.296152 / 1,000,000",0.005264296151989939
58,89.7,18.755973893950365,73.52553562972093,34391.99528479204,"34391.995285 / 1,000,000",0.034391995284792046
59,90.1,18.757890314767078,73.52869920499319,11722.774840919163,"11722.774841 / 1,000,000",0.011722774840919162
60,92.8,18.76673300437101,73.55218441844505,770.3594823044588,"770.359482 / 1,000,000",0.0007703594823044587
61,97.3,18.76196171871229,73.59302095211953,241.4303187202786,"241.430319 / 1,000,000",0.0002414303187202786
62,97.5,18.761842263391742,73.59489373917813,1567.6557714989854,"1567.655771 / 1,000,000",0.0015676557714989854
63,102.7,18.741780977578657,73.63866467977745,1372.66162730194,"1372.661627 / 1,000,000",0.0013726616273019398
64,105.4,18.73979996740917,73.66393452442178,380.4913358460003,"380.491336 / 1,000,000",0.0003804913358460003
65,106.1,18.737163906803097,73.66963866083319,670.2936162346386,"670.293616 / 1,000,000",0.0006702936162346386
66,106.4,18.7355408749727,73.67191750804012,457.803581025456,"457.803581 / 1,000,000",0.000457803581025456
67,106.6,18.734458836683203,73.67343671578261,843.7504071249642,"843.750407 / 1,000,000",0.0008437504071249643
68,106.8,18.733425765813237,73.67498845216917,268.17819627717597,"268.178196 / 1,000,000",0.000268178196277176
69,106.9,18.73300303814951,73.67582665216888,3379.3106333550177,"3379.310633 / 1,000,000",0.0033793106333550177
70,108.8,18.724970447074078,73.69175169455428,1220.133341259758,"1220.133341 / 1,000,000",0.001220133341259758
71,109.4,18.721434797231872,73.69569785358271,270.7718835785182,"270.771884 / 1,000,000",0.00027077188357851824
72,113.3,18.696823224209577,73.71594461723133,445.8758936022981,"445.875894 / 1,000,000",0.0004458758936022981
73,115.7,18.682567950572814,73.73263672743559,2256.831609673036,"2256.831610 / 1,000,000",0.002256831609673036
74,116.4,18.677751514829005,73.73692186727888,7287.471650033449,"7287.471650 / 1,000,000",0.007287471650033449
75,117.8,18.667024333147907,73.74277570550936,226.79402469584636,"226.794025 / 1,000,000",0.00022679402469584636
76,118.8,18.66297372763072,73.75107561441453,6327.3416735587325,"6327.341674 / 1,000,000",0.0063273416735587324
77,120.1,18.654570355011256,73.75874677699339,20008.841258151908,"20008.841258 / 1,000,000",0.02000884125815191
78,126.2,18.624885097146503,73.8004883663807,2640.857671465955,"2640.857671 / 1,000,000",0.002640857671465955
79,127.0,18.619602391720274,73.80555262403699,4740.079553840862,"4740.079554 / 1,000,000",0.004740079553840862
80,128.6,18.610556157896568,73.81732086599955,551.606839684222,"551.606840 / 1,000,000",0.000551606839684222
81,128.8,18.609281711807853,73.81866483104356,1037.2318321584894,"1037.231832 / 1,000,000",0.0010372318321584895
82,129.1,18.607370022279337,73.82068074108753,3444.3924107275734,"3444.392411 / 1,000,000",0.0034443924107275736
83,131.2,18.59045554769521,73.82921834867967,5758.505017035008,"5758.505017 / 1,000,000",0.005758505017035008
84,133.2,18.573471328725457,73.83566985441814,2299.0139411942714,"2299.013941 / 1,000,000",0.0022990139411942713
85,133.9,18.56764131299963,73.83813592257754,880.0465713994085,"880.046571 / 1,000,000",0.0008800465713994086
86,135.0,18.559350734144985,73.8438858165376,7022.475928253191,"7022.475928 / 1,000,000",0.007022475928253192
87,137.1,18.541071595269784,73.84905468639845,3738.567782375996,"3738.567782 / 1,000,000",0.003738567782375996
88,138.9,18.52717021606974,73.85142140813565,2142.663044262725,"2142.663044 / 1,000,000",0.0021426630442627254
89,139.7,18.52122794654569,73.85531886456106,17530.04593449954,"17530.045934 / 1,000,000",0.01753004593449954
90,145.1,18.473365054357185,73.85650843345243,2844.475962697674,"2844.475963 / 1,000,000",0.0028444759626976737
91,148.1,18.4464232543359,73.85883334286599,1235.2501967568292,"1235.250197 / 1,000,000",0.0012352501967568292
92,148.4,18.443772527412186,73.85942889252253,1483.7879450692276,"1483.787945 / 1,000,000",0.0014837879450692276
93,154.8,18.392709885237405,73.85612465550834,773.6265379485126,"773.626538 / 1,000,000",0.0007736265379485126
94,155.5,18.38653220715942,73.85576371239313,2948.771001130217,"2948.771001 / 1,000,000",0.002948771001130217
95,156.4,18.378439997374652,73.85491180484385,926.0940245219781,"926.094025 / 1,000,000",0.0009260940245219781
96,157.8,18.365852103185652,73.85358672863103,2364.9884295067263,"2364.988430 / 1,000,000",0.0023649884295067264
97,158.5,18.35955815048333,73.85292424219227,702.1609877218698,"702.160988 / 1,000,000",0.0007021609877218697
98,159.0,18.35506246769564,73.8524510586608,1287.5944882964768,"1287.594488 / 1,000,000",0.0012875944882964768
99,159.8,18.34786937127672,73.85169400149934,152.4263954077993,"152.426395 / 1,000,000",0.0001524263954077993
100,160.0,18.34607109641126,73.851504744222,374.0302566598206,"374.030257 / 1,000,000",0.00037403025665982064
101,160.5,18.341889720809178,73.85289551767394,773.0933011964985,"773.093301 / 1,000,000",0.0007730933011964985
102,160.8,18.33918292176446,73.85274734418049,299.949645048608,"299.949645 / 1,000,000",0.000299949645048608
103,160.9,18.338282684646472,73.85266496617787,254.9513968730282,"254.951397 / 1,000,000",0.0002549513968730282
104,161.1,18.336482210195168,73.85250021189385,970.4190679283818,"970.419068 / 1,000,000",0.0009704190679283818
105,161.7,18.331080785119184,73.85200596280639,1650.0081228641432,"1650.008123 / 1,000,000",0.0016500081228641432
106,166.6,18.292678380543098,73.87157519448266,1261.8755934988058,"1261.875593 / 1,000,000",0.0012618755934988058
107,167.7,18.283246505978845,73.8748610797276,172.6499937308535,"172.649994 / 1,000,000",0.0001726499937308535
108,169.7,18.26725936201576,73.883449553479,262.9291993409994,"262.929199 / 1,000,000",0.0002629291993409994
109,171.6,18.252615946296554,73.89283340263748,1353.0525148411266,"1353.052515 / 1,000,000",0.0013530525148411265
110,174.6,18.233205522994957,73.91148795311129,2530.101977923351,"2530.101978 / 1,000,000",0.002530101977923351
111,175.3,18.228524890415315,73.91592740120682,80.04334607803983,"80.043346 / 1,000,000",8.004334607803983e-05
112,179.3,18.19646520359863,73.92761425187189,438.8580387015463,"438.858039 / 1,000,000",0.00043885803870154634
113,185.9,18.151647964274083,73.95427363478906,915.0152159488753,"915.015216 / 1,000,000",0.0009150152159488752
114,188.2,18.14583039505831,73.97496264224921,1068.1804684634749,"1068.180468 / 1,000,000",0.0010681804684634748
115,188.7,18.141622993344498,73.97668624815444,181.49008490531986,"181.490085 / 1,000,000",0.00018149008490531986
116,190.1,18.129842154976895,73.98151188138431,2907.428097447518,"2907.428097 / 1,000,000",0.002907428097447518
117,191.0,18.122268670595894,73.98461371388083,1289.7916845848813,"1289.791685 / 1,000,000",0.0012897916845848814
118,191.6,18.117219642663763,73.98668144567368,535.2778436385014,"535.277844 / 1,000,000",0.0005352778436385014
119,194.7,18.09179054912299,73.99626639533943,1149.353847035887,"1149.353847 / 1,000,000",0.0011493538470358868
120,198.4,18.06057563664532,74.0088014626299,1390.0039588849932,"1390.003959 / 1,000,000",0.0013900039588849932
121,202.9,18.02677729288442,74.0009306860243,685.2147452778679,"685.214745 / 1,000,000",0.0006852147452778679
122,210.5,17.960806295188316,73.98247345366096,548.0670745339397,"548.067075 / 1,000,000",0.0005480670745339397
123,212.2,17.946405360216286,73.97688086866113,1135.272599889298,"1135.272600 / 1,000,000",0.0011352725998892978
124,213.9,17.93120381981048,73.97480483248532,245.45369484024113,"245.453695 / 1,000,000",0.00024545369484024114
125,216.6,17.906953577249322,73.97197614484683,1373.9742858234322,"1373.974286 / 1,000,000",0.0013739742858234322
126,217.2,17.901564626118557,73.97134762756164,1365.8308134825406,"1365.830813 / 1,000,000",0.0013658308134825406
127,219.3,17.883355785875658,73.96715343323216,484.09580044209576,"484.095800 / 1,000,000",0.0004840958004420958
128,221.7,17.865030918018412,73.95504408977618,1371.6211223277905,"1371.621122 / 1,000,000",0.0013716211223277906
129,232.1,17.778502492137378,73.98561503392145,166.37637062900288,"166.376371 / 1,000,000",0.00016637637062900286
130,233.2,17.769177428860697,73.98921148692229,290.96676279677297,"290.966763 / 1,000,000",0.000290966762796773
131,237.0,17.74067195481158,74.00842313114612,947.5190681673606,"947.519068 / 1,000,000",0.0009475190681673606
132,238.5,17.730149904626796,74.0173429140955,395.24369361410675,"395.243694 / 1,000,000",0.0003952436936141067
133,238.7,17.72874692924714,74.01853213894582,526.1148157442063,"526.114816 / 1,000,000",0.0005261148157442063
134,241.1,17.709816706345748,74.02667000769986,687.5647142416808,"687.564714 / 1,000,000",0.0006875647142416808
135,241.3,17.70801030046355,74.02660310386679,4048.716317094206,"4048.716317 / 1,000,000",0.004048716317094206
136,242.7,17.695414543582828,74.02556541406085,3709.319846207598,"3709.319846 / 1,000,000",0.003709319846207598
137,243.8,17.686046611652394,74.02454521624364,2885.397708939138,"2885.397709 / 1,000,000",0.002885397708939138
138,244.0,17.68639364294111,74.0263958210551,380.7673083206062,"380.767308 / 1,000,000",0.0003807673083206062
139,244.7,17.68760811797239,74.03287300087464,4455.841283437116,"4455.841283 / 1,000,000",0.004455841283437115
140,245.9,17.68841280614941,74.04406505155684,843.5089322775165,"843.508932 / 1,000,000",0.0008435089322775164
141,247.3,17.689398218557866,74.05623211502764,995.0347222226437,"995.034722 / 1,000,000",0.0009950347222226438
142,247.6,17.690794337433225,74.05865691259359,614.7946215221846,"614.794622 / 1,000,000",0.0006147946215221845
143,247.9,17.69219042798754,74.06108174861565,2533.647040405494,"2533.647040 / 1,000,000",0.002533647040405494
144,248.7,17.69256778001027,74.06830359138026,709.39353959685,"709.393540 / 1,000,000",0.0007093935395968501
145,248.9,17.69243746646918,74.070184456318,2614.6062963035083,"2614.606296 / 1,000,000",0.0026146062963035084
146,249.1,17.692307134809028,74.07206531945255,1109.4183173247898,"1109.418317 / 1,000,000",0.0011094183173247897
147,252.2,17.693297816241834,74.10057287809347,118.01843928358605,"118.018439 / 1,000,000",0.00011801843928358605
148,252.4,17.69437579554478,74.1020866352721,1545.3412099583347,"1545.341210 / 1,000,000",0.0015453412099583348
149,253.0,17.696024590638853,74.10734994202512,1517.3721972045796,"1517.372197 / 1,000,000",0.0015173721972045796
150,256.7,17.699233430069455,74.14203711845764,458.30013369755284,"458.300134 / 1,000,000",0.00045830013369755284
151,258.1,17.700833664750075,74.15513233407303,1143.7295852438563,"1143.729585 / 1,000,000",0.0011437295852438562
152,258.4,17.70117645993473,74.15793848707419,24.706906379092494,"24.706906 / 1,000,000",2.4706906379092494e-05
153,258.5,17.70129071619147,74.15887387417887,880.577870268977,"880.577870 / 1,000,000",0.000880577870268977
154,258.9,17.701692636914192,74.16262193561495,491.87885768913486,"491.878858 / 1,000,000",0.0004918788576891348
155,259.1,17.701870534162204,74.16449869273845,470.84651607316306,"470.846516 / 1,000,000",0.00047084651607316307
156,259.3,17.70204841364265,74.16637545437021,976.7673350992202,"976.767335 / 1,000,000",0.0009767673350992202
157,259.8,17.702493034606775,74.17106737815926,2325.393789877537,"2325.393790 / 1,000,000",0.002325393789877537
158,260.8,17.703381943345182,74.18045131009343,540.1666998654446,"540.166700 / 1,000,000",0.0005401666998654446
159,264.1,17.708972333058412,74.21086153668462,420.6396617882249,"420.639662 / 1,000,000",0.0004206396617882249
160,266.1,17.714110858319028,74.22893248845237,325.60161236970134,"325.601612 / 1,000,000",0.00032560161236970135
161,270.5,17.717699366469603,74.26999546876199,672.2037203613357,"672.203720 / 1,000,000",0.0006722037203613357
162,275.5,17.707339982001308,74.31573712533601,3826.694443354524,"3826.694443 / 1,000,000",0.003826694443354524
163,280.4,17.70444749314314,74.36184359213227,644.8758145780142,"644.875815 / 1,000,000",0.0006448758145780142
164,297.2,17.680128323442563,74.51734505578703,461.461703173072,"461.461703 / 1,000,000",0.000461461703173072
165,301.1,17.67615873178899,74.55387577979009,456.2314435345665,"456.231444 / 1,000,000",0.00045623144353456647
166,307.8,17.66580536038813,74.61599285443529,440.12848305254596,"440.128483 / 1,000,000",0.00044012848305254596
167,309.4,17.66327227994324,74.63084501407701,548.9511056283308,"548.951106 / 1,000,000",0.0005489511056283307
168,312.6,17.65593690291808,74.65987435979406,671.2578304291465,"671.257830 / 1,000,000",0.0006712578304291464
169,323.0,17.644375127695515,74.75674270023367,452.0589723343251,"452.058972 / 1,000,000",0.0004520589723343251
170,325.7,17.64680007853993,74.7819415804545,892.3565564119432,"892.356556 / 1,000,000",0.0008923565564119432
171,332.0,17.653531283693134,74.84033571311224,388.8386589609178,"388.838659 / 1,000,000",0.0003888386589609178
172,333.4,17.657049328765734,74.85301462075485,51.87700981992271,"51.877010 / 1,000,000",5.187700981992271e-05
173,345.3,17.677869727225033,74.96259970947646,538.8268389409402,"538.826839 / 1,000,000",0.0005388268389409402
174,345.5,17.67788240086342,74.96448550937288,703.1063093701908,"703.106309 / 1,000,000",0.0007031063093701908
175,353.9,17.688687483321576,75.04276910169362,43.51695523488954,"43.516955 / 1,000,000",4.3516955234889535e-05
176,368.5,17.680965983134893,75.17745348618752,320.12088001435836,"320.120880 / 1,000,000",0.0003201208800143584
177,371.5,17.67829886846625,75.20535186844977,312.09242563447947,"312.092426 / 1,000,000",0.00031209242563447946
178,372.7,17.680062486027886,75.21650852481727,155.71617109946678,"155.716171 / 1,000,000",0.0001557161710994668
179,373.3,17.679686324474297,75.22215246411379,410.0014340100613,"410.001434 / 1,000,000",0.0004100014340100613
180,378.1,17.68528655214292,75.26682804777852,259.89764969617846,"259.897650 / 1,000,000",0.00025989764969617846
181,380.6,17.684197649429866,75.29035260940755,232.80775814521786,"232.807758 / 1,000,000",0.00023280775814521785
182,381.2,17.684367220285093,75.29600751571513,4734.693015603692,"4734.693016 / 1,000,000",0.004734693015603693
183,381.4,17.684037875009476,75.29786140312375,393.52010334921266,"393.520103 / 1,000,000",0.00039352010334921266
184,381.7,17.68353802097348,75.30064175342899,7389.896194346231,"7389.896194 / 1,000,000",0.007389896194346231
185,383.9,17.68076457383115,75.32109517772545,1377.2168628694333,"1377.216863 / 1,000,000",0.0013772168628694334
186,384.3,17.680821395013492,75.32486641118896,941.6183574072156,"941.618357 / 1,000,000",0.0009416183574072157
187,384.5,17.68084977848894,75.32675202832812,3034.5854364094744,"3034.585436 / 1,000,000",0.0030345854364094743
188,385.4,17.68311896186955,75.33489969424028,820.7204224382646,"820.720422 / 1,000,000",0.0008207204224382645
189,386.3,17.685400530813382,75.34304555325905,705.9506998407402,"705.950700 / 1,000,000",0.0007059506998407402
190,386.7,17.686414451897164,75.34666599918803,1731.8643073509095,"1731.864307 / 1,000,000",0.0017318643073509095
191,387.3,17.687935207073792,75.3520967420573,537.2750105311559,"537.275011 / 1,000,000",0.0005372750105311558
192,387.9,17.691253225079503,75.35642006443848,594.4156274225198,"594.415627 / 1,000,000",0.0005944156274225198
193,391.1,17.710953607117165,75.37845519560258,367.4317485216093,"367.431749 / 1,000,000",0.00036743174852160926
194,393.5,17.72314770963286,75.39705469733886,367.33943724664164,"367.339437 / 1,000,000",0.0003673394372466416
195,394.3,17.72631784300787,75.40383610760594,210.14041151642112,"210.140412 / 1,000,000",0.00021014041151642114
196,397.7,17.739973894540345,75.43254209863728,2478.8652261888665,"2478.865226 / 1,000,000",0.0024788652261888665
197,403.2,17.761587384505273,75.47775132064149,772.736992637682,"772.736993 / 1,000,000",0.000772736992637682
198,406.6,17.77068390074459,75.50617106533997,1331.9579354078655,"1331.957935 / 1,000,000",0.0013319579354078655
199,413.1,17.795129786482494,75.56019255921004,1622.1054229173994,"1622.105423 / 1,000,000",0.0016221054229173994
200,415.6,17.796319750126596,75.58332734979729,1443.8557284736523,"1443.855728 / 1,000,000",0.0014438557284736522
201,415.9,17.79615824734348,75.58615281842675,226.4027453724764,"226.402745 / 1,000,000",0.0002264027453724764
202,420.3,17.806534975193177,75.62543126882717,79.39222555347222,"79.392226 / 1,000,000",7.939222555347221e-05
203,421.1,17.808360611960033,75.63247924846142,2918.305602550623,"2918.305603 / 1,000,000",0.002918305602550623
204,422.0,17.806056532028897,75.64062340022826,314.6033931435126,"314.603393 / 1,000,000",0.00031460339314351264
205,422.4,17.805032389610425,75.6442429526545,1032.39348668905,"1032.393487 / 1,000,000",0.00103239348668905
206,423.1,17.80323998214319,75.65057706483913,514.4822540659303,"514.482254 / 1,000,000",0.0005144822540659303
207,426.1,17.795555956276065,75.67772175122526,727.7241810803671,"727.724181 / 1,000,000",0.0007277241810803671
208,426.4,17.793027750278227,75.67870204418,239.16510219973776,"239.165102 / 1,000,000",0.00023916510219973777
209,431.9,17.748671906218384,75.70076246805758,2562.119075072361,"2562.119075 / 1,000,000",0.002562119075072361
210,437.1,17.72180055207717,75.73903322249006,3729.0578880330354,"3729.057888 / 1,000,000",0.0037290578880330356
211,441.8,17.724870074537236,75.77892195686148,546.8520165392403,"546.852017 / 1,000,000",0.0005468520165392403
212,452.2,17.673308877210378,75.84893534972724,87.47759677228208,"87.477597 / 1,000,000",8.747759677228208e-05
213,455.9,17.67830672783894,75.88278201545809,3871.366756704506,"3871.366757 / 1,000,000",0.0038713667567045057
214,456.2,17.67817016916274,75.8856068937159,690.6163944523125,"690.616394 / 1,000,000",0.0006906163944523125
215,457.1,17.672086990661455,75.89082486379483,1135.7959815371255,"1135.795982 / 1,000,000",0.0011357959815371254
216,457.5,17.66851421856054,75.89137032953383,745.2037233898354,"745.203723 / 1,000,000",0.0007452037233898354
217,457.7,17.666723669132534,75.89162862014773,2066.576743760605,"2066.576744 / 1,000,000",0.002066576743760605
218,457.9,17.66514275823531,75.89248856043011,1802.3314289417046,"1802.331429 / 1,000,000",0.0018023314289417045
219,458.3,17.662079402603528,75.89449102392723,1151.7682182737515,"1151.768218 / 1,000,000",0.0011517682182737516
220,459.0,17.657065164911387,75.89848642024103,380.28058080073157,"380.280581 / 1,000,000",0.00038028058080073155
221,459.3,17.655007728763607,75.90032838751083,1366.6870963386843,"1366.687096 / 1,000,000",0.0013666870963386843
222,459.9,17.650892809235405,75.90401219739813,9109.67864409533,"9109.678644 / 1,000,000",0.009109678644095329
223,461.0,17.643348626684766,75.91076541734085,1373.1082345293187,"1373.108235 / 1,000,000",0.0013731082345293188
224,462.1,17.635804232925455,75.9175180791191,1802.4690606298695,"1802.469061 / 1,000,000",0.0018024690606298695
225,464.6,17.61800168627176,75.93156429951487,3789.38836447216,"3789.388364 / 1,000,000",0.00378938836447216
226,473.0,17.568069644178998,75.99115470352939,1208.5319827859716,"1208.531983 / 1,000,000",0.0012085319827859716
227,473.7,17.563973144469532,75.99618079308188,5716.629924853823,"5716.629925 / 1,000,000",0.005716629924853823
228,478.0,17.538806349125977,76.02705034052849,470.3302714100142,"470.330271 / 1,000,000",0.0004703302714100142
229,479.7,17.528855463677463,76.03925220852699,3380.7355872220987,"3380.735587 / 1,000,000",0.003380735587222099
230,479.8,17.528270095957854,76.0399699236415,1538.7862217717316,"1538.786222 / 1,000,000",0.0015387862217717315
231,493.4,17.450363091433086,76.13855752800333,525.6130782561158,"525.613078 / 1,000,000",0.0005256130782561159
232,493.8,17.449384872539067,76.14218330611239,3124.4880748487467,"3124.488075 / 1,000,000",0.0031244880748487465
233,493.8,17.449384872539067,76.14218330611239,70.57183687938297,"70.571837 / 1,000,000",7.057183687938297e-05
234,498.7,17.428888969017102,76.18207410262963,548.7911567870234,"548.791157 / 1,000,000",0.0005487911567870234
235,507.3,17.395926723019237,76.2539746998506,510.89088683862985,"510.890887 / 1,000,000",0.0005108908868386298
236,520.6,17.364023794727267,76.37451375935731,3570.2271041176073,"3570.227104 / 1,000,000",0.0035702271041176074
237,525.6,17.35799206597419,76.4209595950096,10.508023502517892,"10.508024 / 1,000,000",1.0508023502517891e-05
238,527.1,17.359456733809207,76.43499208651757,41.90483514207913,"41.904835 / 1,000,000",4.1904835142079126e-05
239,530.8,17.35745874997957,76.46973064913722,3020.8863485622715,"3020.886349 / 1,000,000",0.0030208863485622715
240,531.0,17.35734060062493,76.47160859531444,519.006648411821,"519.006648 / 1,000,000",0.0005190066484118209
241,534.0,17.346439550824034,76.49706635211604,541.1843996365283,"541.184400 / 1,000,000",0.0005411843996365283
242,534.1,17.34595857898401,76.49786291573346,321.0308354047835,"321.030835 / 1,000,000",0.00032103083540478347
243,539.8,17.338156603491832,76.54817242367471,543.7513557881757,"543.751356 / 1,000,000",0.0005437513557881757
244,544.2,17.341559230409423,76.58941305619774,1858.9861463398063,"1858.986146 / 1,000,000",0.0018589861463398063
245,544.7,17.341825968894558,76.59410913600601,153.436957172262,"153.436957 / 1,000,000",0.000153436957172262
246,545.0,17.341985958520375,76.59692678571355,36.79338763983047,"36.793388 / 1,000,000",3.679338763983047e-05
247,549.3,17.352277453160337,76.63572703390196,163.10136870346955,"163.101369 / 1,000,000",0.00016310136870346955
248,549.5,17.352469988536622,76.63759810874237,1279.127837779046,"1279.127838 / 1,000,000",0.0012791278377790461
249,549.8,17.352758758136726,76.64040472536237,235.57309521993352,"235.573095 / 1,000,000",0.00023557309521993352
250,551.1,17.35245354206312,76.65251234573185,19.111626820816593,"19.111627 / 1,000,000",1.9111626820816593e-05
251,553.6,17.345997201742158,76.67452346289897,198.66967274055463,"198.669673 / 1,000,000",0.00019866967274055462
252,558.0,17.34017476497353,76.71256324972522,256.0609922859455,"256.060992 / 1,000,000",0.0002560609922859455
253,558.3,17.34082913692366,76.71530199907976,699.7344628701574,"699.734463 / 1,000,000",0.0006997344628701574
254,559.6,17.34359723884189,76.72718797891142,781.277682849616,"781.277683 / 1,000,000",0.000781277682849616
255,559.6,17.34359723884189,76.72718797891142,100.94685677266489,"100.946857 / 1,000,000",0.00010094685677266489
256,562.6,17.344049613742147,76.75500693692034,544.7233189466498,"544.723319 / 1,000,000",0.0005447233189466498
257,563.4,17.34144961800994,76.76202950403501,101.68516617688923,"101.685166 / 1,000,000",0.00010168516617688922
258,567.0,17.33045810837122,76.79345538400597,806.169805418623,"806.169805 / 1,000,000",0.000806169805418623
259,567.2,17.329600902364863,76.79511164104079,443.1053959234459,"443.105396 / 1,000,000",0.0004431053959234459
260,567.4,17.328743684003005,76.79676788171584,438.41877305672494,"438.418773 / 1,000,000",0.00043841877305672496
261,567.5,17.328315070189447,76.79759599591839,203.11202642377447,"203.112026 / 1,000,000",0.00020311202642377447
262,567.6,17.327886453287825,76.79842410603094,202.05962708675864,"202.059627 / 1,000,000",0.00020205962708675864
263,568.4,17.32448772465203,76.80506572986997,100.44359914476752,"100.443599 / 1,000,000",0.00010044359914476752
264,568.5,17.324063814374334,76.80589644088278,133.7604322045929,"133.760432 / 1,000,000",0.00013376043220459288
265,568.6,17.323639900987,76.80672714783131,360.825365111033,"360.825365 / 1,000,000",0.00036082536511103304
266,568.7,17.3232159844903,76.80755785071554,509.4853468601451,"509.485347 / 1,000,000",0.0005094853468601452
267,568.8,17.322792064884503,76.80838854953544,320.60899007464025,"320.608990 / 1,000,000",0.0003206089900746402
268,568.9,17.322368142169882,76.809219244291,235.5226793476431,"235.522679 / 1,000,000",0.0002355226793476431
269,569.0,17.321944216346704,76.81004993498216,363.2065358743558,"363.206536 / 1,000,000",0.00036320653587435577
270,569.1,17.321520287415254,76.81088062160893,193.0289587463983,"193.028959 / 1,000,000",0.0001930289587463983
271,569.2,17.32109635537579,76.81171130417127,235.05149083808527,"235.051491 / 1,000,000",0.00023505149083808527
272,569.3,17.32067242022859,76.81254198266915,279.02180554203727,"279.021806 / 1,000,000",0.0002790218055420373
273,569.4,17.320248481973923,76.81337265710256,354.64778050451827,"354.647781 / 1,000,000",0.00035464778050451826
274,569.5,17.319824540612057,76.81420332747147,136.21426704518552,"136.214267 / 1,000,000",0.00013621426704518553
275,569.6,17.31940059614328,76.81503399377584,142.27312352092432,"142.273124 / 1,000,000",0.0001422731235209243
276,569.7,17.318976648567848,76.81586465601568,168.62945817126717,"168.629458 / 1,000,000",0.00016862945817126718
277,569.9,17.3181287440981,76.81752596830155,61.65558091697311,"61.655581 / 1,000,000",6.165558091697311e-05
278,570.0,17.317704787204335,76.81835661834758,334.35733906639086,"334.357339 / 1,000,000",0.0003343573390663909
279,570.1,17.317280827205003,76.81918726432893,125.19736698568681,"125.197367 / 1,000,000",0.0001251973669856868
280,570.2,17.31685686410038,76.82001790624564,129.8705441240503,"129.870544 / 1,000,000",0.0001298705441240503
281,570.3,17.316432897890742,76.82084854409761,367.83586141264266,"367.835861 / 1,000,000",0.00036783586141264266
282,570.5,17.31558495615747,76.82250980760739,2391.1368595340605,"2391.136860 / 1,000,000",0.0023911368595340605
283,570.5,17.31558495615747,76.82250980760739,2354.8330505555746,"2354.833051 / 1,000,000",0.0023548330505555747
284,571.6,17.314683552780252,76.83269919961361,23.13274831592984,"23.132748 / 1,000,000",2.3132748315929843e-05
285,571.7,17.314650469170143,76.83363917955973,288.9720379319587,"288.972038 / 1,000,000",0.0002889720379319587
286,571.8,17.31461738117906,76.83457915871706,573.0033941945301,"573.003394 / 1,000,000",0.0005730033941945301
287,572.3,17.311721275826486,76.83818591920792,197.13101872789127,"197.131019 / 1,000,000",0.00019713101872789127
288,572.4,17.311140919606828,76.83890680571824,95.93838495015697,"95.938385 / 1,000,000",9.593838495015697e-05
289,572.7,17.30939983776812,76.84106943760352,1565.7553654233054,"1565.755365 / 1,000,000",0.0015657553654233054
290,576.4,17.282080168860652,76.8591829835902,534.0172454775811,"534.017245 / 1,000,000",0.0005340172454775811
291,576.6,17.280391033619114,76.85985111292794,166.50574532626564,"166.505745 / 1,000,000",0.00016650574532626564
292,576.7,17.27954646550294,76.86018517354026,261.05601845568384,"261.056018 / 1,000,000",0.00026105601845568383
293,577.7,17.271100766197783,76.86352563098052,280.5397769595199,"280.539777 / 1,000,000",0.0002805397769595199
294,578.0,17.269088361105414,76.86540805891954,1254.2137516624284,"1254.213752 / 1,000,000",0.0012542137516624284
295,578.4,17.26642332693755,76.86794862576158,653.8682497371937,"653.868250 / 1,000,000",0.0006538682497371936
296,578.6,17.26509080019489,76.86921888201827,1913.6854255863423,"1913.685426 / 1,000,000",0.0019136854255863422
297,579.1,17.261759455183032,76.87239444344496,796.4439908948951,"796.443991 / 1,000,000",0.0007964439908948951
298,582.9,17.235419647008182,76.89419959052579,4078.2261027175655,"4078.226103 / 1,000,000",0.004078226102717565
299,588.4,17.19110279110283,76.91216716398915,252.77204886273285,"252.772049 / 1,000,000",0.00025277204886273283
300,593.2,17.155455495796364,76.93209669949812,30.149430262093546,"30.149430 / 1,000,000",3.0149430262093544e-05
301,594.3,17.146591345152675,76.9364627373521,126.08564539806922,"126.085645 / 1,000,000",0.00012608564539806923
302,594.4,17.145803054686535,76.93692186323855,918.1678288864152,"918.167829 / 1,000,000",0.0009181678288864152
303,594.8,17.142649885730847,76.93875833051001,2588.6519295112653,"2588.651930 / 1,000,000",0.0025886519295112652
304,595.5,17.137131812781554,76.94197200862136,143.25477126561515,"143.254771 / 1,000,000",0.00014325477126561514
305,595.6,17.136343513814474,76.94243109099351,8923.052715096848,"8923.052715 / 1,000,000",0.008923052715096849
306,595.7,17.135555214139988,76.94289016974125,446.8221426781039,"446.822143 / 1,000,000",0.0004468221426781039
307,595.7,17.135555214139988,76.94289016974125,603.5155736692941,"603.515574 / 1,000,000",0.0006035155736692941
308,596.0,17.133084062501148,76.94385801586395,407.33173929233953,"407.331739 / 1,000,000",0.0004073317392923395
309,596.1,17.13218072584474,76.9438738620789,853.8577549891804,"853.857755 / 1,000,000",0.0008538577549891804
310,596.3,17.13037405234728,76.94390555548975,320.827050602458,"320.827051 / 1,000,000",0.00032082705060245797
311,596.5,17.128567378603638,76.94393725020865,981.5008607768344,"981.500861 / 1,000,000",0.0009815008607768345
312,597.1,17.123147355896013,76.94403234221434,822.3305508771571,"822.330551 / 1,000,000",0.0008223305508771571
313,597.3,17.121340892653162,76.94405847683265,231.9688540768739,"231.968854 / 1,000,000",0.0002319688540768739
314,597.4,17.120441575106053,76.94396854002251,1007.4323260567646,"1007.432326 / 1,000,000",0.0010074323260567646
315,597.7,17.117743621245427,76.94369873761374,128.8552018404688,"128.855202 / 1,000,000",0.0001288552018404688
316,597.8,17.11684430288548,76.9436088061511,88.71490842291692,"88.714908 / 1,000,000",8.871490842291692e-05
317,597.8,17.11684430288548,76.9436088061511,829.1051387108957,"829.105139 / 1,000,000",0.0008291051387108958
318,598.9,17.1079281984386,76.94699003996784,107.45836881590233,"107.458369 / 1,000,000",0.00010745836881590234
319,599.0,17.107159110613942,76.94748303437292,349.5433703109847,"349.543370 / 1,000,000",0.0003495433703109847
320,599.1,17.106390021946712,76.94797602494143,292.92392253491846,"292.923923 / 1,000,000",0.00029292392253491847
321,604.1,17.080808285525464,76.98649503467361,184.89651863491727,"184.896519 / 1,000,000",0.00018489651863491728
322,605.0,17.075359169158148,76.99276973035485,36.049792929074115,"36.049793 / 1,000,000",3.604979292907412e-05
323,605.3,17.072878049308756,76.99325488168355,231.6461957379059,"231.646196 / 1,000,000",0.0002316461957379059
324,605.4,17.071974858500994,76.99323257562189,283.98874606824836,"283.988746 / 1,000,000",0.00028398874606824835
325,605.5,17.071071667592886,76.99321027026724,154.7599234024949,"154.759923 / 1,000,000",0.0001547599234024949
326,605.8,17.068362094266508,76.99314335844528,713.2345024929963,"713.234502 / 1,000,000",0.0007132345024929963
327,606.0,17.06655571154727,76.99309875409868,96.99131881291422,"96.991319 / 1,000,000",9.699131881291421e-05
328,606.1,17.065652520037172,76.99307645298572,1765.0554889060372,"1765.055489 / 1,000,000",0.0017650554889060371
329,606.6,17.061136560982003,76.99296495802338,439.8426945869094,"439.842695 / 1,000,000",0.0004398426945869094
330,607.9,17.049497840453775,76.99154825178537,2439.59235226278,"2439.592352 / 1,000,000",0.00243959235226278
331,609.1,17.04472591455998,76.99679470185804,625.6996250823008,"625.699625 / 1,000,000",0.0006256996250823009
332,609.2,17.044921068851785,76.99771169551039,192.61085134831515,"192.610851 / 1,000,000",0.00019261085134831516
333,610.9,17.04823802662779,77.0133008104714,2313.012161302342,"2313.012161 / 1,000,000",0.002313012161302342
334,617.3,17.084509277884912,77.05520133555567,275.3330125908439,"275.333013 / 1,000,000",0.0002753330125908439
335,622.4,17.117478564483772,77.08866782670525,3266.8699408508674,"3266.869941 / 1,000,000",0.003266869940850867
336,623.3,17.12329595524548,77.09457490603948,1047.7150654350144,"1047.715065 / 1,000,000",0.0010477150654350145
337,627.7,17.132384966164658,77.13390229341742,14.015228298471559,"14.015228 / 1,000,000",1.4015228298471559e-05
338,631.4,17.145923377751828,77.16537659932176,850.67642435353,"850.676424 / 1,000,000",0.00085067642435353
339,632.0,17.14704171733723,77.1708438042833,2407.3619067742834,"2407.361907 / 1,000,000",0.0024073619067742835
340,632.7,17.14797132729779,77.17734943637521,361.8032495964521,"361.803250 / 1,000,000",0.0003618032495964521
341,632.8,17.148104110996996,77.17827881562224,308.30145033818656,"308.301450 / 1,000,000",0.00030830145033818653
342,632.9,17.148236890264965,77.17920819567698,556.2411500615204,"556.241150 / 1,000,000",0.0005562411500615205
343,643.3,17.17812102045451,77.27152485758238,255.63493109918994,"255.634931 / 1,000,000",0.00025563493109918996
344,643.5,17.17875762491745,77.27328367239319,46.19862954022059,"46.198630 / 1,000,000",4.6198629540220586e-05
345,643.6,17.179072267666292,77.2741645060486,541.9668352117511,"541.966835 / 1,000,000",0.0005419668352117512
346,643.7,17.179386906203028,77.27504534225528,135.31055459360485,"135.310555 / 1,000,000",0.00013531055459360485
347,643.8,17.179701540527432,77.27592618101306,1075.769665854529,"1075.769666 / 1,000,000",0.001075769665854529
348,643.9,17.180016170639288,77.27680702232183,394.5065455052959,"394.506546 / 1,000,000",0.00039450654550529586
349,644.1,17.180645418224472,77.27856871259176,354.25902806070127,"354.259028 / 1,000,000",0.0003542590280607013
350,644.2,17.18096003569736,77.27944956155265,634.1948667714108,"634.194867 / 1,000,000",0.0006341948667714109
351,644.4,17.18158925800264,77.28121126712557,307.4494088177454,"307.449409 / 1,000,000",0.0003074494088177454
352,644.7,17.182533059856002,77.28385384461077,135.5435098881876,"135.543510 / 1,000,000",0.0001355435098881876
353,644.8,17.182847652045034,77.2847347088722,799.881244060696,"799.881244 / 1,000,000",0.0007998812440606959
354,645.0,17.183476823778637,77.28649644504367,462.3240205145576,"462.324021 / 1,000,000",0.0004623240205145576
355,645.1,17.183791403322775,77.28737731695347,449.07236768322963,"449.072368 / 1,000,000",0.00044907236768322963
356,645.2,17.184105978651512,77.28825819141245,36.73196295905494,"36.731963 / 1,000,000",3.673196295905494e-05
357,645.3,17.18442054976462,77.28913906842051,295.5325629414499,"295.532563 / 1,000,000",0.0002955325629414499
358,652.5,17.19192764392039,77.35573908366693,1184.8006777178107,"1184.800678 / 1,000,000",0.0011848006777178106
359,652.8,17.19290866840099,77.35836694841926,526.2943956574404,"526.294396 / 1,000,000",0.0005262943956574405
360,655.3,17.201082402296738,77.38026674841726,320.06533900451103,"320.065339 / 1,000,000",0.000320065339004511
361,660.3,17.21604655987854,77.42452114106361,789.3470260517255,"789.347026 / 1,000,000",0.0007893470260517255
362,660.6,17.216687943662087,77.42726035643385,5474.865265748059,"5474.865266 / 1,000,000",0.005474865265748059
363,660.8,17.217115510774775,77.42908650786185,2279.3727227602176,"2279.372723 / 1,000,000",0.0022793727227602176
364,675.7,17.248321849184137,77.56376198467261,2807.0615984040865,"2807.061598 / 1,000,000",0.0028070615984040863
365,677.1,17.250136948068192,77.5765443126115,3811.4681760683943,"3811.468176 / 1,000,000",0.0038114681760683944
366,678.4,17.250026502288886,77.58876179080634,678.7395516500314,"678.739552 / 1,000,000",0.0006787395516500315
367,678.8,17.24999236973731,77.5925209902143,80.42191985712849,"80.421920 / 1,000,000",8.042191985712849e-05
368,678.9,17.249983825626458,77.5934607882495,2495.96649764244,"2495.966498 / 1,000,000",0.00249596649764244
369,679.6,17.249923893954776,77.60003935411704,5243.018869117488,"5243.018869 / 1,000,000",0.005243018869117488
370,683.3,17.257218857181964,77.63302842559034,736.5893876662608,"736.589388 / 1,000,000",0.0007365893876662608
371,695.6,17.290717634657558,77.73952405715687,7639.480061116843,"7639.480061 / 1,000,000",0.007639480061116843
372,697.7,17.289347222143647,77.75921105080948,1211.8344238782897,"1211.834424 / 1,000,000",0.0012118344238782896
373,707.9,17.28511149572739,77.85321133502488,295.90691336247977,"295.906913 / 1,000,000",0.00029590691336247975
374,716.4,17.332175214717303,77.90973621164218,883.3397146711665,"883.339715 / 1,000,000",0.0008833397146711665
375,717.0,17.33758091940704,77.91005687291347,1345.758334659386,"1345.758335 / 1,000,000",0.001345758334659386
376,725.1,17.38688373150403,77.95788411695007,179.6510395179364,"179.651040 / 1,000,000",0.0001796510395179364
377,726.1,17.391678519547817,77.96584890217935,36094.147565755164,"36094.147566 / 1,000,000",0.036094147565755165
378,727.0,17.394877208010215,77.97344697320472,594.890143797856,"594.890144 / 1,000,000",0.000594890143797856
379,737.4,17.432825081698812,78.0610898149093,654.0086727680425,"654.008673 / 1,000,000",0.0006540086727680425
380,737.6,17.433667623542945,78.0627533106477,280.97367993595174,"280.973680 / 1,000,000",0.00028097367993595173
381,739.9,17.440553098719956,78.08290713211672,1322.1964356436208,"1322.196436 / 1,000,000",0.0013221964356436209
382,744.5,17.45034307446398,78.12318876183693,1133.0583104002042,"1133.058310 / 1,000,000",0.0011330583104002042
383,745.3,17.450644900039652,78.13070589124959,313.344164136456,"313.344164 / 1,000,000",0.000313344164136456
384,749.2,17.450632060770076,78.16536510616586,2531.1029053617403,"2531.102905 / 1,000,000",0.0025311029053617404
385,750.4,17.452379040966722,78.17627909775034,1071.3546493080153,"1071.354649 / 1,000,000",0.0010713546493080152
386,751.2,17.455294207673674,78.18316227575905,4096.335450650484,"4096.335451 / 1,000,000",0.0040963354506504835
387,756.1,17.459534870219837,78.22854099754694,1274.1502565014903,"1274.150257 / 1,000,000",0.0012741502565014903
388,757.1,17.462679433270242,78.23735610384242,449.6044386134428,"449.604439 / 1,000,000",0.0004496044386134428
389,758.4,17.466766703369057,78.2488161051379,378.26757627341425,"378.267576 / 1,000,000",0.00037826757627341424
390,762.7,17.474779647736533,78.28736950449232,1611.8998526176506,"1611.899853 / 1,000,000",0.0016118998526176505
391,763.9,17.47828374020024,78.29804800589312,2855.864850021654,"2855.864850 / 1,000,000",0.0028558648500216543
392,765.4,17.48167434324981,78.31165938683115,5121.959089236971,"5121.959089 / 1,000,000",0.005121959089236971
393,767.1,17.48664471299777,78.32655954557211,2287.5638391913913,"2287.563839 / 1,000,000",0.002287563839191391
394,769.0,17.486221045715208,78.34334647517578,2255.193983053064,"2255.193983 / 1,000,000",0.0022551939830530643
395,769.8,17.482834356258167,78.34965458577692,456.95230906023966,"456.952309 / 1,000,000",0.00045695230906023964
396,770.6,17.482897437941325,78.35717699342601,2521.8972623375566,"2521.897262 / 1,000,000",0.0025218972623375566
397,772.3,17.481071220802438,78.37285098859299,1352.7391767766817,"1352.739177 / 1,000,000",0.0013527391767766818
398,773.7,17.47319743750984,78.38306048685502,1212.0193032996394,"1212.019303 / 1,000,000",0.0012120193032996395
399,775.0,17.46400425558708,78.38983291298362,1286.521114803166,"1286.521115 / 1,000,000",0.001286521114803166
400,777.2,17.459221685965108,78.40931564237394,3541.6614652024064,"3541.661465 / 1,000,000",0.0035416614652024063
401,778.3,17.46011849659491,78.41948588748255,2786.770010556679,"2786.770011 / 1,000,000",0.0027867700105566793
402,779.1,17.461849103233977,78.42678805810316,686.0043882326326,"686.004388 / 1,000,000",0.0006860043882326325
403,779.6,17.462146289321755,78.43146745350893,4342.385997354951,"4342.385997 / 1,000,000",0.004342385997354951
404,780.9,17.461306050758125,78.44365926836149,19282.480261965255,"19282.480262 / 1,000,000",0.019282480261965256
405,781.4,17.460313263026553,78.44820775629456,38.27256213246641,"38.272562 / 1,000,000",3.827256213246641e-05
406,782.5,17.451007467895597,78.45116745819138,928.8292721260362,"928.829272 / 1,000,000",0.0009288292721260363
407,782.8,17.448364091875426,78.4517700701642,304.32793332792636,"304.327933 / 1,000,000",0.00030432793332792635
408,783.8,17.44020155757619,78.45532191160126,517.8283650931526,"517.828365 / 1,000,000",0.0005178283650931526
409,784.1,17.438835747442162,78.45764648519162,611.5426994522069,"611.542699 / 1,000,000",0.0006115426994522068
410,785.1,17.43393194285565,78.4642586648716,280.451952910773,"280.451953 / 1,000,000",0.000280451952910773
411,787.0,17.417766244896526,78.46128688360814,102.58348593299556,"102.583486 / 1,000,000",0.00010258348593299556
412,787.3,17.415083860445556,78.46116371796462,3256.752461694716,"3256.752462 / 1,000,000",0.0032567524616947162
413,788.3,17.406119729975774,78.46205255810628,780.129213139174,"780.129213 / 1,000,000",0.000780129213139174
414,788.5,17.404573890762464,78.46302242841622,508.9227643068525,"508.922764 / 1,000,000",0.0005089227643068525
415,788.7,17.403028408213316,78.46399330111979,3003.3242571373626,"3003.324257 / 1,000,000",0.0030033242571373625
416,789.6,17.395999452049942,78.46776483039842,1336.1276042106635,"1336.127604 / 1,000,000",0.0013361276042106636
