wetland_patch_id,wetname,wetcode,level1,level2,level3,descr,chainage_km,latitude,longitude,affected_area_m2,calculation,affected_area_km2
1,Vasai Creek,2721094701160029,Coastal,Natural,Creek,Coastal - Natural - Creek,26.382654167592378,19.18883841694967,72.98422619272759,793.5334279573415,"793.533428 / 1,000,000",0.0007935334279573415
2, ,2721094701160019,Coastal,Natural,Mangrove,Coastal - Natural - Mangrove,26.263387945144643,19.188542143551057,72.98313617033942,1099.1520903582407,"1099.152090 / 1,000,000",0.0010991520903582406
3, ,2724024705040003,Coastal,Natural,Creek,Coastal - Natural - Creek,53.54194092462041,19.023335075157664,73.07388511910918,1040.4813221060022,"1040.481322 / 1,000,000",0.0010404813221060022
4, ,2724024705040011,Coastal,Natural,Intertidal Mud-flat,Coastal - Natural - Inter-tidal Mud-flat,52.657528032451054,19.027403434427683,73.06739645925919,3532.910008924844,"3532.910009 / 1,000,000",0.003532910008924844
5, ,2724024705040057,Coastal,Natural,Intertidal Mud-flat,Coastal - Natural - Inter-tidal Mud-flat,53.9910247322703,19.020385448011886,73.07681325857948,149.17683583427427,"149.176836 / 1,000,000",0.00014917683583427427
6, ,2724024705040065,Coastal,Natural,Mangrove,Coastal - Natural - Mangrove,53.49461008304655,19.023646041350464,73.07357661073296,69.74665563693878,"69.746656 / 1,000,000",6.974665563693879e-05
7, ,2724024705040067,Coastal,Natural,Mangrove,Coastal - Natural - Mangrove,53.73714353607159,19.022052976427513,73.07515790707728,1627.9739035469472,"1627.973904 / 1,000,000",0.0016279739035469471
8, ,2724024705040087,Coastal,Natural,Intertidal Mud-flat,Coastal - Natural - Inter-tidal Mud-flat,54.14284801189906,19.01939005042802,73.07780517176285,72.76841212629071,"72.768412 / 1,000,000",7.276841212629071e-05
9, ,2724024705040091,Coastal,Natural,Mangrove,Coastal - Natural - Mangrove,54.21626335752498,19.01890701332032,73.07828291913167,792.0445669699284,"792.044567 / 1,000,000",0.0007920445669699284
10,Kalundri River,2799999999990999,Inland,Natural,River/Stream,Inland - Natural - River/Stream,60.693510053678764,18.985579111141607,73.12713742284313,288.8984623127309,"288.898462 / 1,000,000",0.0002888984623127309
11, ,2724024705040099,Coastal,Natural,Intertidal Mud-flat,Coastal - Natural - Inter-tidal Mud-flat,55.454457845241855,19.010967330313242,73.08656484692598,1401.3990330160857,"1401.399033 / 1,000,000",0.0014013990330160857
12, ,2724024705040102,Coastal,Natural,Mangrove,Coastal - Natural - Mangrove,55.38224301781063,19.01134458186107,73.08599032237787,311.38383282478526,"311.383833 / 1,000,000",0.00031138383282478525
13, ,2724024705040104,Coastal,Natural,Mangrove,Coastal - Natural - Mangrove,55.91837157732009,19.0088463867097,73.0901548904166,627.7133080259548,"627.713308 / 1,000,000",0.0006277133080259548
14, ,2724024705040105,Coastal,Natural,Mangrove,Coastal - Natural - Mangrove,55.57234239637604,19.010121781451744,73.08725785661778,714.2679157869857,"714.267916 / 1,000,000",0.0007142679157869856
15,Kolkhewadi River,2799999999990999,Inland,Natural,River/Stream,Inland - Natural - River/Stream,65.14146654384398,18.971084022560294,73.1652186848475,169.49594248133832,"169.495942 / 1,000,000",0.0001694959424813383
16,Dharvi River,2799999999990999,Inland,Natural,River/Stream,Inland - Natural - River/Stream,77.98057214641771,18.901790050018334,73.24718607128145,173.61604869893304,"173.616049 / 1,000,000",0.00017361604869893304
17,Indrayani River,2799999999990999,Inland,Natural,River/Stream,Inland - Natural - River/Stream,127.68207611702357,18.75940881978417,73.55054709518167,2510.0001101012454,"2510.000110 / 1,000,000",0.0025100001101012455
18,Mula River,2799999999990999,Inland,Natural,River/Stream,Inland - Natural - River/Stream,168.24935163194715,18.574767605308246,73.83528649883189,440.2353019959571,"440.235302 / 1,000,000",0.00044023530199595713
19,Mutha River,2799999999990999,Inland,Natural,River/Stream,Inland - Natural - River/Stream,174.39490798510235,18.528483746365033,73.8605253032837,611.7170843060325,"611.717084 / 1,000,000",0.0006117170843060324
20,Karha River,2799999999990999,Inland,Natural,River/Stream,Inland - Natural - River/Stream,221.4054969869202,18.31716660488348,74.14854826532475,208.43365446728984,"208.433654 / 1,000,000",0.00020843365446728985
21, ,2725134710070006,Inland,Man-made,Tank/Pond,Inland - Man-made - Tank/Pond,244.35976508351,18.257857101292682,74.3374174715733,91.99572735755102,"91.995727 / 1,000,000",9.199572735755102e-05
22,Karha River,2799999999990999,Inland,Natural,River/Stream,Inland - Natural - River/Stream,273.2725468810123,18.143184522187223,74.57145795178123,296.9510916512241,"296.951092 / 1,000,000",0.0002969510916512241
23,Nira River,2799999999990999,Inland,Natural,River/Stream,Inland - Natural - River/Stream,345.21993734361877,17.909469394196726,75.01298294610552,454.31269640010055,"454.312696 / 1,000,000",0.0004543126964001006
24,Sina River,2799999999990999,Inland,Natural,River/Stream,Inland - Natural - River/Stream,441.583220282672,17.730849908597673,75.71886771874125,239.2568106786965,"239.256811 / 1,000,000",0.0002392568106786965
25,Bhima River,2799999999990999,Inland,Natural,River/Stream,Inland - Natural - River/Stream,412.8375967099496,17.61668884844317,75.57422382712771,1885.0629737165768,"1885.062974 / 1,000,000",0.0018850629737165768
26, ,2730064715020030,Inland,Man-made,Reservoir/Barrage,Inland - Man-made - Reservoir/Barrage,378.180767417443,17.71289336785404,75.21004155204213,271.5034577866358,"271.503458 / 1,000,000",0.0002715034577866358
27, ,2730044715140015,Inland,Man-made,Tank/Pond,Inland - Man-made - Tank/Pond,467.2231044507414,17.648265640102636,75.90646604346455,422.10092594915125,"422.100926 / 1,000,000",0.00042210092594915124
28,Kagina River,2966666666660666,Inland,Natural,River/Stream,Inland - Natural - River/Stream,661.0749970993262,17.199979808821407,77.36517117068395,2280.6410215310943,"2280.641022 / 1,000,000",0.0022806410215310945
29, , , , ,Others (non-wetland area),Others (non-wetland area),661.3218436324535,17.194967169535587,77.36971621778376,2165.959654033357,"2165.959654 / 1,000,000",0.002165959654033357
