forest_patch_id,chainage_km,sample_latitude,sample_longitude,affected_area_m2,calculation,affected_area_km2
1,11.9,19.06304770404227,72.9838834201038,3620.59364987106,"3620.593650 / 1,000,000",0.00362059364987106
2,21.5,19.016252733006606,73.02592897556784,198.38096019700242,"198.380960 / 1,000,000",0.00019838096019700243
3,27.4,19.021717150085433,73.07548894571354,1892.086382816252,"1892.086383 / 1,000,000",0.0018920863828162519
4,29.1,19.010491757891817,73.08649978879181,454.4341908659478,"454.434191 / 1,000,000",0.0004544341908659478
5,29.3,19.00955725677475,73.08803968431434,1725.3014565916028,"1725.301457 / 1,000,000",0.001725301456591603
6,45.6,18.923903227832792,73.20396066317772,1408.475164794845,"1408.475165 / 1,000,000",0.001408475164794845
7,70.5,18.778189292799595,73.35929118408356,2268.181094019265,"2268.181094 / 1,000,000",0.002268181094019265
8,71.1,18.775855355524584,73.36419726619022,298.9251485808064,"298.925149 / 1,000,000",0.0002989251485808064
9,71.2,18.77569148899031,73.36513004142712,314.7732771258365,"314.773277 / 1,000,000",0.0003147732771258365
10,71.3,18.775527617656955,73.36606281523727,821.0330775789427,"821.033078 / 1,000,000",0.0008210330775789426
11,71.5,18.774977558221565,73.36775810575166,6984.070655431338,"6984.070655 / 1,000,000",0.006984070655431338
12,73.2,18.762554306976845,73.37632790494439,362.778393964321,"362.778394 / 1,000,000",0.00036277839396432103
13,150.5,18.42750421322623,73.85366574231055,3534.061262673564,"3534.061263 / 1,000,000",0.003534061262673564
14,169.5,18.268800741219565,73.88246168569744,4385.327462424206,"4385.327462 / 1,000,000",0.004385327462424206
15,184.2,18.156556048022843,73.9391861694382,793.180546467553,"793.180546 / 1,000,000",0.000793180546467553
16,203.9,18.01827570463779,73.99780277022037,511.47512986230754,"511.475130 / 1,000,000",0.0005114751298623075
17,251.8,17.69241554808356,74.0971058038462,1092.278048256331,"1092.278048 / 1,000,000",0.001092278048256331
18,270.0,17.718011383501377,74.26529141297772,501.7907138547877,"501.790714 / 1,000,000",0.0005017907138547877
19,337.4,17.665768110231905,74.88960450531836,1312.8556980921746,"1312.855698 / 1,000,000",0.0013128556980921747
20,337.8,17.66658950618941,74.89327733331679,6274.702686694449,"6274.702687 / 1,000,000",0.006274702686694449
21,694.0,17.291760486905403,77.72452404876033,5579.155829271642,"5579.155829 / 1,000,000",0.0055791558292716415
22,695.7,17.290652419873993,77.74046154637735,5584.966687503849,"5584.966688 / 1,000,000",0.005584966687503849
23,699.5,17.286240605968466,77.77573968175051,940.2210577502055,"940.221058 / 1,000,000",0.0009402210577502055
24,699.8,17.28552316206252,77.77845866723152,4634.0937554658485,"4634.093755 / 1,000,000",0.0046340937554658485
