agriculture_patch_id,chainage_km,latitude,longitude,affected_area_m2,calculation,affected_area_km2
1,37.7,19.028456541525,73.06418709833392,1312.710251485545,"1312.710251 / 1,000,000",0.001312710251485545
2,46.2,18.98503010824555,73.12750875254925,1148.3366330373383,"1148.336633 / 1,000,000",0.0011483366330373383
3,46.5,18.983117749339897,73.12952720104613,257.9704929043354,"257.970493 / 1,000,000",0.0002579704929043354
4,47.8,18.977389724427965,73.13987047856806,5034.895758369492,"5034.895758 / 1,000,000",0.0050348957583694915
5,49.3,18.973354231818195,73.15341823954071,2040.1010223010676,"2040.101022 / 1,000,000",0.0020401010223010676
6,49.9,18.969743078840587,73.15766671400594,3920.8365273063473,"3920.836527 / 1,000,000",0.0039208365273063475
7,50.2,18.967881908948367,73.15956987049164,350.46460370863525,"350.464604 / 1,000,000",0.00035046460370863526
8,51.5,18.956753190288733,73.15562835593856,1252.4691392347354,"1252.469139 / 1,000,000",0.0012524691392347355
9,53.2,18.942059302557087,73.15703236811483,7416.921128743454,"7416.921129 / 1,000,000",0.007416921128743453
10,61.2,18.890024139513244,73.20614925226552,1065.4414729071755,"1065.441473 / 1,000,000",0.0010654414729071755
11,62.5,18.88001649580432,73.21260549454755,2677.4182458826235,"2677.418246 / 1,000,000",0.0026774182458826237
12,65.0,18.860206328540034,73.22394192849012,516.9409123661837,"516.940912 / 1,000,000",0.0005169409123661837
13,73.2,18.80981286265685,73.27925088731622,731.1302353758841,"731.130235 / 1,000,000",0.0007311302353758841
14,73.6,18.80721123039512,73.28188449093135,1608.4398242620869,"1608.439824 / 1,000,000",0.0016084398242620869
15,74.1,18.803639760741607,73.28476550322735,1274.2482272840416,"1274.248227 / 1,000,000",0.0012742482272840416
16,86.1,18.739754566385212,73.37343606345206,397.48047387868723,"397.480474 / 1,000,000",0.00039748047387868724
17,87.1,18.736446582851773,73.38225416713713,915.3888078643096,"915.388808 / 1,000,000",0.0009153888078643096
18,91.1,18.734485727572363,73.42001104664139,2301.222078519047,"2301.222079 / 1,000,000",0.002301222078519047
19,91.8,18.734760445095347,73.42664289523287,818.9401867703754,"818.940187 / 1,000,000",0.0008189401867703754
20,92.9,18.734603399748874,73.43705182646055,12487.90125366206,"12487.901254 / 1,000,000",0.01248790125366206
21,99.5,18.746474299383024,73.49758164331683,4532.20683074103,"4532.206831 / 1,000,000",0.00453220683074103
22,101.4,18.75009954659338,73.5151950742608,6924.163916092769,"6924.163916 / 1,000,000",0.006924163916092769
23,106.3,18.724638988434037,73.54549187500574,6660.8277539695755,"6660.827754 / 1,000,000",0.006660827753969575
24,109.3,18.710187415583952,73.56918808254301,503.2531180095876,"503.253118 / 1,000,000",0.0005032531180095876
25,109.6,18.70964747724797,73.57197574186017,5268.048425894224,"5268.048426 / 1,000,000",0.005268048425894224
26,111.3,18.706587020382326,73.58777219877032,3161.814466753921,"3161.814467 / 1,000,000",0.003161814466753921
27,112.7,18.707428903287436,73.60072475383498,1670.2415487757157,"1670.241549 / 1,000,000",0.0016702415487757157
28,114.5,18.711350592749536,73.61728670928464,10335.374204158545,"10335.374204 / 1,000,000",0.010335374204158544
29,118.4,18.71108968607743,73.65248370250352,8273.704326814242,"8273.704327 / 1,000,000",0.008273704326814242
30,122.3,18.693979155366762,73.681711075499,3704.3619925803528,"3704.361993 / 1,000,000",0.0037043619925803527
31,125.5,18.672919319881828,73.70232642860447,3433.5652560662306,"3433.565256 / 1,000,000",0.0034335652560662307
32,127.2,18.66285546047,73.71393762201984,4546.225428960778,"4546.225429 / 1,000,000",0.0045462254289607784
33,131.4,18.640395030408882,73.7384937024943,3665.4687674891807,"3665.468767 / 1,000,000",0.0036654687674891806
34,136.3,18.59871330001121,73.75414515886165,1037.8778290293565,"1037.877829 / 1,000,000",0.0010378778290293564
35,137.4,18.589337887381006,73.75760763586437,1268.5237781520511,"1268.523778 / 1,000,000",0.0012685237781520512
36,137.8,18.58592862288268,73.75886661725458,1016.7812860522774,"1016.781286 / 1,000,000",0.0010167812860522774
37,145.7,18.52397885674396,73.77108253295859,150.20061304589814,"150.200613 / 1,000,000",0.00015020061304589814
38,162.9,18.450782900438302,73.88236916090939,2855.4224794351267,"2855.422479 / 1,000,000",0.002855422479435127
39,170.4,18.46197971813804,73.95004582728966,753.4713875554044,"753.471388 / 1,000,000",0.0007534713875554044
40,175.6,18.436155674039206,73.97729660823289,2468.009117737828,"2468.009118 / 1,000,000",0.002468009117737828
41,177.6,18.419678703346726,73.98481315496413,366.1255309912349,"366.125531 / 1,000,000",0.0003661255309912349
42,180.3,18.411313693633616,74.0068018790777,1086.1256451098443,"1086.125645 / 1,000,000",0.0010861256451098443
43,180.6,18.41052687456501,74.00951006576223,10682.12883800707,"10682.128838 / 1,000,000",0.010682128838007069
44,185.7,18.38926907188367,74.05219182235076,7753.581297061128,"7753.581297 / 1,000,000",0.007753581297061128
45,191.1,18.382110934049887,74.1019837256889,2634.77958718483,"2634.779587 / 1,000,000",0.0026347795871848297
46,192.0,18.379988105859205,74.11014615993632,6156.556618795656,"6156.556619 / 1,000,000",0.006156556618795656
47,193.8,18.372609886982033,74.12515027970244,16113.784421916807,"16113.784422 / 1,000,000",0.016113784421916806
48,199.4,18.329368215141482,74.14746507162714,4603.400039219923,"4603.400039 / 1,000,000",0.004603400039219923
49,200.8,18.316761154114023,74.14858561359048,2708.896717646461,"2708.896718 / 1,000,000",0.002708896717646461
50,201.6,18.310402157289005,74.15144592485191,90032.07753461826,"90032.077535 / 1,000,000",0.09003207753461827
51,229.5,18.235259072127754,74.38636941069132,63294.707114598874,"63294.707115 / 1,000,000",0.06329470711459888
52,239.5,18.20254807352097,74.47452701310512,2780.321180250153,"2780.321180 / 1,000,000",0.002780321180250153
53,249.1,18.164399318391574,74.55232263302226,3766.5371078006774,"3766.537108 / 1,000,000",0.0037665371078006776
54,252.4,18.14338856757356,74.57028983384491,35094.831746593016,"35094.831747 / 1,000,000",0.035094831746593017
55,253.1,18.140721254053265,74.57487358150901,2490.4197229308197,"2490.419723 / 1,000,000",0.0024904197229308196
56,264.5,18.049085609767342,74.62201464801556,2179.9335499173017,"2179.933550 / 1,000,000",0.0021799335499173016
57,265.2,18.043834689158913,74.62570428976356,21179.14483508695,"21179.144835 / 1,000,000",0.02117914483508695
58,271.3,17.99807340372603,74.65784755136524,12453.15722649435,"12453.157226 / 1,000,000",0.01245315722649435
59,276.2,17.961310118661856,74.68365545286636,8139.141023777395,"8139.141024 / 1,000,000",0.008139141023777396
60,279.1,17.939550495307518,74.69892445543162,8267.837992662124,"8267.837993 / 1,000,000",0.008267837992662124
61,281.6,17.920791152924902,74.71208437424026,130.18875562692295,"130.188756 / 1,000,000",0.00013018875562692295
62,281.7,17.920040759122873,74.71261071300262,4956.441183845103,"4956.441184 / 1,000,000",0.004956441183845103
63,285.2,17.8965859646987,74.73432698309031,1073.4974868230333,"1073.497487 / 1,000,000",0.0010734974868230334
64,286.2,17.89117155354494,74.74186678733065,354.64732766043517,"354.647328 / 1,000,000",0.00035464732766043517
65,287.1,17.887366765726107,74.74937640929853,1131.6178575042488,"1131.617858 / 1,000,000",0.0011316178575042487
66,289.1,17.88496812208777,74.76774115568809,982.7738475430018,"982.773848 / 1,000,000",0.0009827738475430019
67,289.4,17.885071330381862,74.77055853497876,5630.829246048515,"5630.829246 / 1,000,000",0.005630829246048515
68,291.1,17.88506404893077,74.78623247979966,592.328842761644,"592.328843 / 1,000,000",0.0005923288427616439
69,291.5,17.885443038132923,74.78998770052186,4803.270404862224,"4803.270405 / 1,000,000",0.004803270404862224
70,294.0,17.879609529385743,74.81222136936914,3186.165889020449,"3186.165889 / 1,000,000",0.0031861658890204488
71,295.9,17.87479650214368,74.82936481109638,751.0737479233273,"751.073748 / 1,000,000",0.0007510737479233273
72,298.9,17.867527208152644,74.8566430072382,581.0796347163731,"581.079635 / 1,000,000",0.0005810796347163731
73,299.1,17.867027684411234,74.85845733226147,14436.213222978675,"14436.213223 / 1,000,000",0.014436213222978675
74,299.4,17.866278366969656,74.8611788010128,808.9763865423226,"808.976387 / 1,000,000",0.0008089763865423227
75,304.0,17.85124788849917,74.89841199695216,6586.204721004596,"6586.204721 / 1,000,000",0.0065862047210045955
76,306.2,17.848199868846038,74.91856565389293,8598.407647844035,"8598.407648 / 1,000,000",0.008598407647844034
77,308.7,17.84401339350871,74.94129243170471,13704.555058431255,"13704.555058 / 1,000,000",0.013704555058431255
78,313.1,17.8214399861549,74.97516570555278,3544.8938411184786,"3544.893841 / 1,000,000",0.0035448938411184786
79,315.4,17.811464396213328,74.9942077361778,7320.363586630382,"7320.363587 / 1,000,000",0.007320363586630382
80,318.1,17.806118065287084,75.01887292373546,1211.1086093796966,"1211.108609 / 1,000,000",0.0012111086093796967
81,318.5,17.805508127772416,75.0225931997751,8786.773076024767,"8786.773076 / 1,000,000",0.008786773076024768
82,321.8,17.796809415700864,75.05210295251814,835.788060184099,"835.788060 / 1,000,000",0.000835788060184099
83,322.2,17.795117530501944,75.05542651790235,1531.3387812612164,"1531.338781 / 1,000,000",0.0015313387812612165
84,323.3,17.79065498657077,75.06459738506128,4154.122933607346,"4154.122934 / 1,000,000",0.004154122933607346
85,324.5,17.78711694113919,75.07528418861054,203.32177387058184,"203.321774 / 1,000,000",0.00020332177387058183
86,324.6,17.786716142841247,75.07612985536657,7449.299457181647,"7449.299457 / 1,000,000",0.007449299457181647
87,327.1,17.77669499825846,75.0972702943356,3647.467366823369,"3647.467367 / 1,000,000",0.003647467366823369
88,327.2,17.7762941050206,75.0981158626908,4091.2066604736992,"4091.206660 / 1,000,000",0.004091206660473699
89,329.6,17.770525444456048,75.11881092594889,1191.0406513098012,"1191.040651 / 1,000,000",0.0011910406513098012
90,330.0,17.768063050391568,75.12116182570244,4832.367973138869,"4832.367973 / 1,000,000",0.00483236797313887
91,330.4,17.764656982965406,75.12242758891433,199.3590680202732,"199.359068 / 1,000,000",0.00019935906802027322
92,331.7,17.757485018971295,75.13190564021033,5050.278926564677,"5050.278927 / 1,000,000",0.005050278926564677
93,333.4,17.749561913741747,75.14562460209018,1350.792063965543,"1350.792064 / 1,000,000",0.0013507920639655431
94,334.2,17.745537009341124,75.15185678443235,11158.80528708305,"11158.805287 / 1,000,000",0.01115880528708305
95,338.1,17.722415365165833,75.17910461306313,9842.558690159143,"9842.558690 / 1,000,000",0.009842558690159143
96,341.8,17.710302746563073,75.21153533098605,3389.7787616837786,"3389.778762 / 1,000,000",0.0033897787616837785
97,342.8,17.707306884608325,75.22043304457254,7556.319859265833,"7556.319859 / 1,000,000",0.007556319859265833
98,345.0,17.70071457905834,75.24000695982957,851.1397931559196,"851.139793 / 1,000,000",0.0008511397931559196
99,345.8,17.69831689696329,75.24712438742516,4152.700603315283,"4152.700603 / 1,000,000",0.004152700603315283
100,347.3,17.693820553489253,75.26046904661435,3275.501631216446,"3275.501631 / 1,000,000",0.003275501631216446
101,348.9,17.68902346314035,75.27470260519787,587.1335604768252,"587.133560 / 1,000,000",0.0005871335604768252
102,349.1,17.68842375498844,75.27648174595156,2510.9712491373093,"2510.971249 / 1,000,000",0.002510971249137309
103,350.1,17.685424974823494,75.28537726940651,935.7178198055757,"935.717820 / 1,000,000",0.0009357178198055757
104,350.4,17.68510903793114,75.28818637856074,2728.244145897981,"2728.244146 / 1,000,000",0.002728244145897981
105,352.9,17.682508108063402,75.31160326602875,931.2186859557228,"931.218686 / 1,000,000",0.0009312186859557228
106,356.3,17.68605287722955,75.34165667943665,388.338067690868,"388.338068 / 1,000,000",0.000388338067690868
107,356.7,17.686146293730406,75.34524473013798,1209.5046257509803,"1209.504626 / 1,000,000",0.0012095046257509802
108,357.6,17.68863913769211,75.35332114868956,17167.627273630464,"17167.627274 / 1,000,000",0.017167627273630463
109,363.0,17.70474956011776,75.40042645937223,20635.787700764453,"20635.787701 / 1,000,000",0.020635787700764453
110,369.6,17.716921310210317,75.46084117153578,10894.332554602566,"10894.332555 / 1,000,000",0.010894332554602567
111,372.1,17.71805196848976,75.48406644857137,1724.2470169992962,"1724.247017 / 1,000,000",0.0017242470169992962
112,374.3,17.714154804496005,75.50441207380146,26227.49338574983,"26227.493386 / 1,000,000",0.02622749338574983
113,382.0,17.692295727235962,75.5727407307274,12548.369256743754,"12548.369257 / 1,000,000",0.012548369256743753
114,385.6,17.681207928010846,75.60447550817295,22852.24505291726,"22852.245053 / 1,000,000",0.02285224505291726
115,390.6,17.675298744274127,75.65023039409984,1765.5342805347525,"1765.534281 / 1,000,000",0.0017655342805347526
116,391.4,17.671873842083453,75.65687335863322,813.7235151860302,"813.723515 / 1,000,000",0.0008137235151860303
117,391.7,17.670593638823846,75.65936675180704,534.2251494456211,"534.225149 / 1,000,000",0.0005342251494456212
118,393.2,17.664192164092924,75.67183317618021,7799.532567013635,"7799.532567 / 1,000,000",0.007799532567013635
119,396.9,17.644569612505876,75.69993475676895,182.76870954612417,"182.768710 / 1,000,000",0.00018276870954612418
120,397.0,17.644002663840485,75.70066892086066,14571.323485044088,"14571.323485 / 1,000,000",0.014571323485044087
121,400.2,17.645996604569106,75.72848320881508,10399.843383335863,"10399.843383 / 1,000,000",0.010399843383335864
122,405.4,17.655687879701272,75.7764486364231,22351.502852482394,"22351.502852 / 1,000,000",0.022351502852482392
123,407.8,17.660171253601035,75.79858579492424,555.6409684948965,"555.640968 / 1,000,000",0.0005556409684948965
124,412.4,17.66678075762278,75.84137561178625,4546.121446584895,"4546.121447 / 1,000,000",0.004546121446584895
125,413.8,17.669891976178775,75.85394406975063,8992.01364684293,"8992.013647 / 1,000,000",0.00899201364684293
126,421.6,17.64699529491219,75.90751675747696,2770.00954616302,"2770.009546 / 1,000,000",0.0027700095461630197
127,424.6,17.625893453204334,75.92527328409687,752.7802622885613,"752.780262 / 1,000,000",0.0007527802622885613
128,427.0,17.609010936075617,75.939475562185,7745.6573578322495,"7745.657358 / 1,000,000",0.0077456573578322495
129,429.4,17.594123247577507,75.95582895379798,784.9991897345926,"784.999190 / 1,000,000",0.0007849991897345926
130,430.5,17.587619621812312,75.96366904931897,14118.229485112608,"14118.229485 / 1,000,000",0.014118229485112608
131,434.3,17.565150338894995,75.99074866941119,277.9030260061923,"277.903026 / 1,000,000",0.0002779030260061923
132,436.0,17.55509718333021,76.00286105539992,8898.307337446633,"8898.307337 / 1,000,000",0.008898307337446633
133,438.6,17.539720448332172,76.02138327558856,20982.651899688797,"20982.651900 / 1,000,000",0.020982651899688797
134,445.1,17.501271653452246,76.0676750577064,17705.271592662182,"17705.271593 / 1,000,000",0.01770527159266218
135,450.3,17.473587715923376,76.10710509415189,2371.49256876671,"2371.492569 / 1,000,000",0.00237149256876671
136,451.0,17.470152519188247,76.11264048763945,9025.424289150644,"9025.424289 / 1,000,000",0.009025424289150643
137,453.2,17.459355252903237,76.13003605048516,2129.8592704835505,"2129.859270 / 1,000,000",0.0021298592704835505
138,453.8,17.456410298332724,76.13477992941891,895.626226952595,"895.626227 / 1,000,000",0.0008956262269525949
139,454.6,17.452483528706846,76.1411048577082,4268.689446488307,"4268.689446 / 1,000,000",0.004268689446488307
140,455.9,17.446102129804338,76.15138227240368,68927.81414488684,"68927.814145 / 1,000,000",0.06892781414488684
141,475.8,17.37668786553262,76.3217039086823,12167.107203314865,"12167.107203 / 1,000,000",0.012167107203314865
142,479.4,17.368557035186285,76.3545087843254,17435.22276956041,"17435.222770 / 1,000,000",0.01743522276956041
143,485.5,17.361239453648277,76.411306666223,3533.246231301898,"3533.246231 / 1,000,000",0.003533246231301898
144,486.5,17.360291835492994,76.42066502323503,2726.6631450409545,"2726.663145 / 1,000,000",0.0027266631450409543
145,487.6,17.359248957403388,76.43095906507685,290.4883144320944,"290.488314 / 1,000,000",0.0002904883144320944
146,487.7,17.359154124431516,76.43189487921343,883.1181545316722,"883.118155 / 1,000,000",0.0008831181545316722
147,488.0,17.358869599645498,76.43470231376621,3723.7054698837755,"3723.705470 / 1,000,000",0.0037237054698837754
148,489.9,17.357066708308096,76.45248245849582,1860.3564408522002,"1860.356441 / 1,000,000",0.0018603564408522
149,490.7,17.356307130649956,76.45996869329751,500.6202410994633,"500.620241 / 1,000,000",0.0005006202410994633
150,490.9,17.356117193139767,76.46184023883117,3172.0272953386166,"3172.027295 / 1,000,000",0.0031720272953386164
151,491.8,17.355040563175184,76.4702037733373,8607.150477036055,"8607.150477 / 1,000,000",0.008607150477036056
152,494.2,17.346797231397204,76.49109164987112,1696.1415999002515,"1696.141600 / 1,000,000",0.0016961415999002516
153,495.5,17.342331239379792,76.50240507372217,8049.37225997777,"8049.372260 / 1,000,000",0.008049372259977771
154,498.5,17.336650987526614,76.5291724857368,915.581321634106,"915.581322 / 1,000,000",0.000915581321634106
155,498.8,17.33696791403611,76.5319757023275,2162.5397830266343,"2162.539783 / 1,000,000",0.002162539783026634
156,499.5,17.337707253479365,76.53851656557234,6542.119036148744,"6542.119036 / 1,000,000",0.0065421190361487445
157,502.0,17.340345971163114,76.56187707060423,3606.5595300100945,"3606.559530 / 1,000,000",0.0036065595300100945
158,503.0,17.341400679144677,76.5712213941068,393.78395664272733,"393.783957 / 1,000,000",0.0003937839566427273
159,503.2,17.341611567305563,76.57309026709927,7020.525482267116,"7020.525482 / 1,000,000",0.007020525482267116
160,505.7,17.34424616610861,76.59645141162667,7476.595951424328,"7476.595951 / 1,000,000",0.007476595951424328
161,507.9,17.347774136157735,76.61680958888343,1846.440100683068,"1846.440101 / 1,000,000",0.001846440100683068
162,508.5,17.34883860153201,76.62234498383538,755.0059291653587,"755.005929 / 1,000,000",0.0007550059291653587
163,508.8,17.34937077470535,76.62511270028118,641.9269640755488,"641.926964 / 1,000,000",0.0006419269640755488
164,509.0,17.349725534776287,76.62695785159995,455.8607346658633,"455.860735 / 1,000,000",0.0004558607346658633
165,509.2,17.35008027721027,76.62880300853385,399.2643736264718,"399.264374 / 1,000,000",0.0003992643736264718
166,509.3,17.350257641813066,76.6297255891059,932.2502103938946,"932.250210 / 1,000,000",0.0009322502103938946
167,509.7,17.350967056126454,76.63341592542251,4115.254151751692,"4115.254152 / 1,000,000",0.004115254151751692
168,511.2,17.352804029196108,76.64739393246907,436.5315432515559,"436.531543 / 1,000,000",0.00043653154325155587
169,511.3,17.352916085114316,76.64832755953793,1965.280265995435,"1965.280266 / 1,000,000",0.001965280265995435
170,511.9,17.353588326993744,76.6539293374824,11462.082407757243,"11462.082408 / 1,000,000",0.011462082407757243
171,515.2,17.345728503521478,76.6814171699305,859.4714503966823,"859.471450 / 1,000,000",0.0008594714503966823
172,515.4,17.344616227313654,76.682900196928,1133.89319693986,"1133.893197 / 1,000,000",0.00113389319693986
173,515.8,17.342391646201033,76.68586619605061,297.5716279453923,"297.571628 / 1,000,000",0.0002975716279453923
174,515.9,17.341835494945997,76.68660768440022,1560.7410309061622,"1560.741031 / 1,000,000",0.0015607410309061622
175,516.7,17.33738619888282,76.69253942660767,5596.886595406206,"5596.886595 / 1,000,000",0.005596886595406206
176,519.1,17.340678193727324,76.71372294004794,5230.025297885297,"5230.025298 / 1,000,000",0.005230025297885296
177,520.9,17.345120574246007,76.73001349470617,896.6071485079293,"896.607149 / 1,000,000",0.0008966071485079293
178,521.8,17.347341239891737,76.73815902216464,3090.7625356788303,"3090.762536 / 1,000,000",0.0030907625356788302
179,523.3,17.343608683533812,76.75166902730092,4564.802325345233,"4564.802325 / 1,000,000",0.004564802325345233
180,524.0,17.341778097711654,76.75797269037334,178.39092648677556,"178.390926 / 1,000,000",0.00017839092648677557
181,524.9,17.33942421158941,76.76607719012031,1424.265228311832,"1424.265228 / 1,000,000",0.001424265228311832
182,525.5,17.337854781877788,76.77148005869596,1015.7881160575076,"1015.788116 / 1,000,000",0.0010157881160575077
183,525.8,17.337070015348978,76.77418145359304,1850.2264073053113,"1850.226407 / 1,000,000",0.0018502264073053114
184,526.7,17.33471550913482,76.78228548066522,1078.230240091108,"1078.230240 / 1,000,000",0.0010782302400911081
185,527.2,17.333407316240862,76.78678761573268,154.08734447176755,"154.087344 / 1,000,000",0.00015408734447176756
186,527.8,17.33519765852961,76.78837764014071,333.918404607099,"333.918405 / 1,000,000",0.00033391840460709896
187,528.1,17.33771526125646,76.78733185442547,1073.8323401469293,"1073.832340 / 1,000,000",0.0010738323401469293
188,530.2,17.35573906161146,76.79327151505369,564.5145528674191,"564.514553 / 1,000,000",0.0005645145528674191
189,531.4,17.363165415189176,76.80082983849871,716.8496963660863,"716.849696 / 1,000,000",0.0007168496963660863
190,531.9,17.365760495857902,76.80468059704461,437.6104827778168,"437.610483 / 1,000,000",0.0004376104827778168
191,532.1,17.366798504338966,76.80622092978595,5386.554608984839,"5386.554609 / 1,000,000",0.005386554608984839
192,533.6,17.37458313443181,76.8177739595073,109.12924814641637,"109.129248 / 1,000,000",0.00010912924814641637
193,533.7,17.37510208255691,76.81854419500803,1501.2902274636117,"1501.290227 / 1,000,000",0.0015012902274636117
194,534.7,17.380291376575062,76.82624678049288,4544.772205853403,"4544.772206 / 1,000,000",0.004544772205853403
195,536.2,17.38807467885242,76.83780144455085,13426.694927510562,"13426.694928 / 1,000,000",0.01342669492751056
196,536.4,17.38911239453314,76.83934213768434,436.86176165926275,"436.861762 / 1,000,000",0.00043686176165926276
197,540.6,17.423864865462605,76.84117419020755,456.4265990910907,"456.426599 / 1,000,000",0.00045642659909109066
198,540.7,17.424725372174425,76.84146102985007,1839.3685317543982,"1839.368532 / 1,000,000",0.0018393685317543982
199,541.3,17.42988839696121,76.84318213199185,1691.5227898042276,"1691.522790 / 1,000,000",0.0016915227898042277
200,541.9,17.435051395193046,76.84490334437449,1213.6277751721982,"1213.627775 / 1,000,000",0.0012136277751721982
201,542.2,17.437048555606747,76.84645325745666,1271.285793386202,"1271.285793 / 1,000,000",0.0012712857933862018
202,542.6,17.438567029488844,76.84986972566001,3040.03074880439,"3040.030749 / 1,000,000",0.00304003074880439
203,543.4,17.440922131075425,76.85691628712453,3467.762495707261,"3467.762496 / 1,000,000",0.0034677624957072614
204,544.5,17.44241119828008,76.8671531164723,977.1131413560059,"977.113141 / 1,000,000",0.0009771131413560058
205,544.9,17.44295254268116,76.87087562789416,3176.614687747462,"3176.614688 / 1,000,000",0.003176614687747462
206,545.9,17.449486104184768,76.8766915669618,2614.804517703308,"2614.804518 / 1,000,000",0.0026148045177033083
207,546.1,17.451004443759796,76.87771219925719,611.8838808026501,"611.883881 / 1,000,000",0.0006118838808026501
208,546.8,17.456318576499925,76.88128455156131,574.0002359082149,"574.000236 / 1,000,000",0.0005740002359082149
209,547.1,17.458596035390695,76.88281562602727,3165.759012273874,"3165.759012 / 1,000,000",0.003165759012273874
210,547.8,17.46391004410455,76.88638828795204,380.88157360846344,"380.881574 / 1,000,000",0.0003808815736084634
211,548.4,17.468464839557857,76.88945074219222,1845.854062465052,"1845.854062 / 1,000,000",0.001845854062465052
212,548.9,17.472260453639812,76.89200290913598,5770.693912678001,"5770.693913 / 1,000,000",0.005770693912678
213,551.5,17.491996930876933,76.90527596270567,3375.6202885544667,"3375.620289 / 1,000,000",0.0033756202885544665
214,552.5,17.499587563414085,76.9103817814618,740.5919565710885,"740.591957 / 1,000,000",0.0007405919565710885
215,552.7,17.500952009418725,76.91157584241331,1658.3085524338464,"1658.308552 / 1,000,000",0.0016583085524338465
216,553.6,17.505869413968263,76.9183244072363,504.30773625511046,"504.307736 / 1,000,000",0.0005043077362551104
217,553.8,17.506962134218586,76.91982413627179,492.02644927231563,"492.026449 / 1,000,000",0.0004920264492723156
218,553.9,17.50750848938985,76.92057400733063,897.654295008995,"897.654295 / 1,000,000",0.000897654295008995
219,554.2,17.509147535084708,76.92282364667273,959.4889448308613,"959.488945 / 1,000,000",0.0009594889448308613
220,555.3,17.515157114848233,76.93107266008968,906.3659832402868,"906.365983 / 1,000,000",0.0009063659832402868
221,555.7,17.517342317393275,76.93407243219251,410.09356312173594,"410.093563 / 1,000,000",0.0004100935631217359
222,556.2,17.520556460753472,76.93737972821776,411.54130401325506,"411.541304 / 1,000,000",0.0004115413040132551
223,556.5,17.522488318241418,76.93936104138768,3273.7701356721495,"3273.770136 / 1,000,000",0.0032737701356721494
224,557.7,17.530215505061907,76.9472867145373,322.1581758802475,"322.158176 / 1,000,000",0.0003221581758802475
225,557.8,17.530983786677385,76.94778081992685,2288.7599470747687,"2288.759947 / 1,000,000",0.0022887599470747685
226,558.5,17.536387435666168,76.95120526135727,2672.26113367829,"2672.261134 / 1,000,000",0.0026722611336782902
227,559.2,17.541791002524562,76.95462991675483,472.24771539699225,"472.247715 / 1,000,000",0.00047224771539699226
228,559.6,17.54487871811763,76.95658695879982,302.05833504555545,"302.058335 / 1,000,000",0.00030205833504555544
229,559.8,17.546422565846775,76.95756550603959,476.56366380532785,"476.563664 / 1,000,000",0.00047656366380532787
230,560.0,17.547966406862507,76.9585440707605,1509.7793366796352,"1509.779337 / 1,000,000",0.0015097793366796353
231,560.4,17.55105406874825,76.96050125265465,199.79785943437673,"199.797859 / 1,000,000",0.00019979785943437673
232,560.6,17.552597889615523,76.96147986983233,383.3517998093609,"383.351800 / 1,000,000",0.0003833517998093609
233,560.8,17.554201100676295,76.96232014351646,7428.07849088752,"7428.078491 / 1,000,000",0.00742807849088752
234,563.5,17.577537934699034,76.96971949654493,2039.2113688798713,"2039.211369 / 1,000,000",0.0020392113688798715
235,564.4,17.58349922216071,76.97482485726071,155.47689788308372,"155.476898 / 1,000,000",0.00015547689788308373
236,566.3,17.59292533449165,76.9895844749044,694.2708352811567,"694.270835 / 1,000,000",0.0006942708352811567
237,566.6,17.593032714358692,76.99240814139769,1042.7114736398637,"1042.711474 / 1,000,000",0.0010427114736398636
238,566.9,17.59314005350408,76.99523180681139,38.98435811852306,"38.984358 / 1,000,000",3.898435811852306e-05
239,567.0,17.59317582416983,76.99617302837474,1641.8008850359186,"1641.800885 / 1,000,000",0.0016418008850359186
240,567.8,17.59346182660365,77.00370279649995,374.89080992400767,"374.890810 / 1,000,000",0.00037489080992400765
241,568.3,17.59364043106562,77.0084088975804,150.7871881704216,"150.787188 / 1,000,000",0.0001507871881704216
242,570.4,17.60228846993414,77.02433292344165,814.1550662819216,"814.155066 / 1,000,000",0.0008141550662819216
243,570.7,17.604926629532116,77.02497997123325,332.8833829488659,"332.883383 / 1,000,000",0.00033288338294886594
244,570.8,17.60580601501882,77.02519565890724,246.5948896940095,"246.594890 / 1,000,000",0.00024659488969400954
245,571.1,17.608444168340522,77.02584273716211,277.1526672608915,"277.152667 / 1,000,000",0.0002771526672608915
246,571.5,17.611961698778288,77.02670554371886,398.4372340180972,"398.437234 / 1,000,000",0.0003984372340180972
247,572.2,17.618066991010213,77.02835199462257,152.76271292170713,"152.762713 / 1,000,000",0.00015276271292170713
248,575.1,17.63406717008829,77.04899171046533,484.5614573942382,"484.561457 / 1,000,000",0.00048456145739423815
249,575.8,17.637645499266508,77.05436270158017,784.6014347343498,"784.601435 / 1,000,000",0.0007846014347343499
250,576.1,17.63952712809879,77.05639688078156,823.2993936387647,"823.299394 / 1,000,000",0.0008232993936387647
251,576.3,17.640781533027976,77.05775302364445,189.12364542860962,"189.123645 / 1,000,000",0.00018912364542860962
252,578.6,17.660862356855972,77.06152261695355,311.06619684241355,"311.066197 / 1,000,000",0.00031106619684241355
253,579.1,17.665201268055576,77.06280905340289,327.37475425379955,"327.374754 / 1,000,000",0.00032737475425379957
254,579.9,17.670116767525275,77.06815546953652,2024.6394114862192,"2024.639411 / 1,000,000",0.002024639411486219
255,581.1,17.672756479542226,77.078551340686,497.5786979161593,"497.578698 / 1,000,000",0.0004975786979161593
256,581.6,17.671664093542255,77.08312309632747,682.3442852968466,"682.344285 / 1,000,000",0.0006823442852968466
257,582.0,17.671815517703628,77.0867686570232,268.4987540531547,"268.498754 / 1,000,000",0.0002684987540531547
258,582.1,17.672053295617314,77.08767774808148,332.95051766427156,"332.950518 / 1,000,000",0.00033295051766427157
259,582.5,17.67300436267683,77.09131413179102,139.91758339167424,"139.917583 / 1,000,000",0.00013991758339167425
260,582.6,17.67324211829202,77.09222323258652,728.2199246197895,"728.219925 / 1,000,000",0.0007282199246197895
261,582.9,17.67395535837552,77.0949505466533,399.6160823883942,"399.616082 / 1,000,000",0.0003996160823883942
262,583.0,17.674195250093877,77.09585903579499,1129.8805216579876,"1129.880522 / 1,000,000",0.0011298805216579876
263,583.4,17.675164923322303,77.09949009299963,448.2781044632639,"448.278104 / 1,000,000",0.0004482781044632639
264,583.7,17.675892131477404,77.10221340681687,2119.139920908203,"2119.139921 / 1,000,000",0.002119139920908203
265,584.4,17.677588794589383,77.10856787540435,2436.929643623767,"2436.929644 / 1,000,000",0.0024369296436237667
266,585.7,17.68654128416355,77.11504055825779,103.52187588615828,"103.521876 / 1,000,000",0.00010352187588615828
267,585.8,17.687437703426678,77.1151569082837,831.0974449215057,"831.097445 / 1,000,000",0.0008310974449215057
268,586.1,17.69012695961004,77.11550596833517,2656.7025568397776,"2656.702557 / 1,000,000",0.0026567025568397778
269,586.9,17.697298297652356,77.11643686829883,499.01501975792837,"499.015020 / 1,000,000",0.0004990150197579284
270,587.0,17.698194713702602,77.11655323827846,2927.204863773997,"2927.204864 / 1,000,000",0.0029272048637739973
271,587.9,17.70628999092322,77.11727338332614,1420.1712172465532,"1420.171217 / 1,000,000",0.0014201712172465532
272,588.4,17.710800667610687,77.11751540924321,1767.4723180083533,"1767.472318 / 1,000,000",0.0017674723180083533
273,589.3,17.718917657303123,77.11796628554872,400.8565916740176,"400.856592 / 1,000,000",0.00040085659167401756
274,589.9,17.724166871338717,77.11937459766928,759.1271064815516,"759.127106 / 1,000,000",0.0007591271064815515
275,590.1,17.725817451948544,77.1200122893738,527.2219195610471,"527.221920 / 1,000,000",0.0005272219195610471
276,590.3,17.72700835820319,77.12142991257106,1299.252794035818,"1299.252794 / 1,000,000",0.0012992527940358179
277,590.9,17.730581002710043,77.12568289300314,931.6414867787291,"931.641487 / 1,000,000",0.0009316414867787292
278,591.2,17.732367283180352,77.12780944557434,302.0455373357759,"302.045537 / 1,000,000",0.00030204553733577594
279,591.4,17.73355812134699,77.12922717038576,250.52455878687587,"250.524559 / 1,000,000",0.0002505245587868759
280,591.6,17.734748947126885,77.1306449136764,373.3411275070405,"373.341128 / 1,000,000",0.0003733411275070405
281,591.7,17.735344355371133,77.13135379225182,689.9017934285756,"689.901793 / 1,000,000",0.0006899017934285756
282,592.0,17.737681344114225,77.13249951202701,649.8645233819861,"649.864523 / 1,000,000",0.0006498645233819862
283,592.6,17.742983444098122,77.13367229958679,1334.4377336417238,"1334.437734 / 1,000,000",0.0013344377336417237
284,596.6,17.77835730225943,77.14135104021527,3556.433141713933,"3556.433142 / 1,000,000",0.003556433141713933
285,597.7,17.785166837954556,77.14749556094822,953.2372278373933,"953.237228 / 1,000,000",0.0009532372278373934
286,598.4,17.785400792020127,77.1540911939594,1383.1606098855136,"1383.160610 / 1,000,000",0.0013831606098855137
287,599.1,17.785634521760137,77.16068681814512,3356.110927632945,"3356.110928 / 1,000,000",0.0033561109276329447
288,600.4,17.786067996102048,77.17293581074892,576.5172758653523,"576.517276 / 1,000,000",0.0005765172758653523
289,600.8,17.786201217155416,77.17670472526493,353.9459421824091,"353.945942 / 1,000,000",0.0003539459421824091
290,601.6,17.786190752307423,77.18418947444448,1466.9165300998782,"1466.916530 / 1,000,000",0.0014669165300998782
291,602.1,17.78443073765364,77.18853108005908,579.9262905370911,"579.926291 / 1,000,000",0.000579926290537091
292,602.2,17.78407872423509,77.18939938983418,1207.9810609358822,"1207.981061 / 1,000,000",0.001207981060935882
293,602.8,17.781966570330052,77.19460916904194,3186.4627982969973,"3186.462798 / 1,000,000",0.0031864627982969972
294,603.9,17.782179033442606,77.20485316760654,3695.83525239449,"3695.835252 / 1,000,000",0.00369583525239449
295,609.3,17.814843205036656,77.24071862200202,572.8632917964558,"572.863292 / 1,000,000",0.0005728632917964558
296,609.6,17.81656823144688,77.24287824473669,510.12942173724537,"510.129422 / 1,000,000",0.0005101294217372454
297,609.7,17.81709559873469,77.24364381945581,5451.01543755035,"5451.015438 / 1,000,000",0.00545101543755035
298,611.3,17.825532994794404,77.25589360415265,2385.1789375979292,"2385.178938 / 1,000,000",0.0023851789375979294
299,612.0,17.829224070949167,77.2612532337563,920.9184340786812,"920.918434 / 1,000,000",0.0009209184340786813
300,612.4,17.831333179482947,77.26431597458331,1414.233326662052,"1414.233327 / 1,000,000",0.001414233326662052
301,612.8,17.833442231383064,77.26737878475416,1686.860708784655,"1686.860709 / 1,000,000",0.001686860708784655
302,613.3,17.83607846658972,77.27120739498999,3130.9057185623215,"3130.905719 / 1,000,000",0.0031309057185623214
303,618.8,17.882987315294486,77.28161304746556,757.742971179343,"757.742971 / 1,000,000",0.000757742971179343
304,619.6,17.890157235253902,77.2825495373174,584.0057642516692,"584.005764 / 1,000,000",0.0005840057642516692
305,619.9,17.892845950631973,77.28290074944542,1109.4515995184897,"1109.451600 / 1,000,000",0.0011094515995184898
306,620.7,17.899453390107585,77.28551687556659,3466.2676285985544,"3466.267629 / 1,000,000",0.0034662676285985546
307,621.8,17.904775767918483,77.29421487922853,449.3821016743523,"449.382102 / 1,000,000",0.00044938210167435233
308,623.8,17.914244239002628,77.3102834991762,1427.0750433028825,"1427.075043 / 1,000,000",0.0014270750433028824
309,624.8,17.91904093810755,77.31827779018587,7489.740679944785,"7489.740680 / 1,000,000",0.007489740679944785
310,627.0,17.92963488130592,77.33583862855119,1318.3982055111774,"1318.398206 / 1,000,000",0.0013183982055111774
311,627.4,17.931570960542455,77.3390250623388,1356.424127756646,"1356.424128 / 1,000,000",0.001356424127756646
312,628.0,17.934474965636152,77.34380483570864,773.3622441766338,"773.362244 / 1,000,000",0.0007733622441766338
313,628.7,17.938477865390393,77.34870029590252,220.9713913496241,"220.971391 / 1,000,000",0.0002209713913496241
314,630.2,17.946595492341977,77.3589452293753,473.0140786700541,"473.014079 / 1,000,000",0.0004730140786700541
315,634.5,17.93923442514443,77.39844252129733,1373.7790924465721,"1373.779092 / 1,000,000",0.0013737790924465722
316,636.8,17.93387241628157,77.4194029206362,3357.299351239326,"3357.299351 / 1,000,000",0.003357299351239326
317,638.9,17.928703448053106,77.43846601029959,430.17137656843585,"430.171377 / 1,000,000",0.00043017137656843586
318,639.4,17.927472484646902,77.44300464457088,1814.7751595484729,"1814.775160 / 1,000,000",0.0018147751595484728
319,639.9,17.926241422565017,77.44754320317844,1159.5233835077229,"1159.523384 / 1,000,000",0.001159523383507723
320,640.2,17.925502737961494,77.45026630201475,2637.6021633199935,"2637.602163 / 1,000,000",0.0026376021633199936
321,641.2,17.923480249344003,77.45944529610433,1363.1460068489232,"1363.146007 / 1,000,000",0.0013631460068489233
322,641.7,17.923003933799063,77.46407539431354,426.52549009167103,"426.525490 / 1,000,000",0.00042652549009167105
323,655.1,17.867323660720363,77.53661783227221,178.11000632075556,"178.110006 / 1,000,000",0.00017811000632075557
324,655.2,17.866532692191914,77.53616275016118,467.99200420156046,"467.992004 / 1,000,000",0.00046799200420156046
325,656.5,17.856508573307345,77.52981336929419,1772.545568294638,"1772.545568 / 1,000,000",0.001772545568294638
326,657.1,17.85194838034877,77.52680649914014,486.5544043600519,"486.554404 / 1,000,000",0.0004865544043600519
327,657.4,17.84934554046465,77.52624560718512,608.1956233783058,"608.195623 / 1,000,000",0.0006081956233783057
328,657.7,17.846639165893766,77.52634753226195,780.0735474641962,"780.073547 / 1,000,000",0.0007800735474641962
329,661.2,17.818473859130748,77.5399846677307,824.2644132477781,"824.264413 / 1,000,000",0.000824264413247778
330,661.6,17.815119446488065,77.5413839786587,1885.0124098086696,"1885.012410 / 1,000,000",0.0018850124098086696
331,662.3,17.8092492136884,77.54383266415329,9337.55438802546,"9337.554388 / 1,000,000",0.00933755438802546
332,663.4,17.80002453476712,77.54768031935221,444.7375999502441,"444.737600 / 1,000,000",0.0004447375999502441
333,665.3,17.784184294760966,77.55454727171605,3797.0970232992513,"3797.097023 / 1,000,000",0.003797097023299251
334,666.4,17.77523063601546,77.55903799448085,2873.5023992217484,"2873.502399 / 1,000,000",0.0028735023992217485
335,667.6,17.765462947553395,77.56393650831633,577.6140966956166,"577.614097 / 1,000,000",0.0005776140966956166
336,667.9,17.763021015559605,77.56516106240635,1580.424833878795,"1580.424834 / 1,000,000",0.001580424833878795
337,669.0,17.753546542186278,77.56805221386549,502.0979735001604,"502.097974 / 1,000,000",0.0005020979735001603
338,669.2,17.75177914763062,77.56844042680049,4767.81027239474,"4767.810272 / 1,000,000",0.00476781027239474
339,670.6,17.739407383641904,77.57115776867279,8986.90012401382,"8986.900124 / 1,000,000",0.00898690012401382
340,676.1,17.69283649583766,77.5873401527998,2518.9507732386373,"2518.950773 / 1,000,000",0.0025189507732386375
341,676.9,17.6872479229111,77.5921163467142,2589.4981846129376,"2589.498185 / 1,000,000",0.0025894981846129378
342,678.3,17.67783712611271,77.60091508070008,518.8384308753987,"518.838431 / 1,000,000",0.0005188384308753987
343,681.6,17.67095100097811,77.63058838403654,18493.508652717064,"18493.508653 / 1,000,000",0.018493508652717063
344,685.7,17.658045761627637,77.66675221286832,14367.432702465843,"14367.432702 / 1,000,000",0.014367432702465844
345,693.3,17.609175910107002,77.71297183311381,1049.8846701146635,"1049.884670 / 1,000,000",0.0010498846701146635
346,697.5,17.578351750729723,77.73411445262467,411.1758603226656,"411.175860 / 1,000,000",0.0004111758603226656
347,697.6,17.577566892856225,77.73457994318417,1603.2687540515485,"1603.268754 / 1,000,000",0.0016032687540515486
348,701.0,17.554649487657773,77.7556830651681,5697.616976325655,"5697.616976 / 1,000,000",0.005697616976325655
349,704.4,17.54026269001266,77.78372423667138,7853.696234875459,"7853.696235 / 1,000,000",0.007853696234875458
350,706.7,17.529908662514213,77.80246087501455,711.2363213119584,"711.236321 / 1,000,000",0.0007112363213119583
351,707.1,17.527984417946215,77.8056465634301,2177.237666544069,"2177.237667 / 1,000,000",0.002177237666544069
352,708.2,17.522692528725766,77.81440683475098,5068.604165878587,"5068.604166 / 1,000,000",0.005068604165878587
353,709.8,17.512420741586904,77.8248979836013,5377.019950742879,"5377.019951 / 1,000,000",0.005377019950742879
354,711.7,17.49971685441703,77.83691281882626,996.1229390393893,"996.122939 / 1,000,000",0.0009961229390393893
355,713.8,17.48693658115234,77.85133677773787,802.3271217927218,"802.327122 / 1,000,000",0.0008023271217927218
356,714.1,17.485409709275434,77.85366817556084,1077.622878105563,"1077.622878 / 1,000,000",0.001077622878105563
357,715.0,17.4808289619593,77.86066212119815,1174.5835153256678,"1174.583515 / 1,000,000",0.0011745835153256679
358,715.8,17.476757020870767,77.86687864971162,14120.754721604551,"14120.754722 / 1,000,000",0.014120754721604551
359,720.8,17.43770050779032,77.88261605606903,9298.592021798657,"9298.592022 / 1,000,000",0.009298592021798656
360,721.3,17.433288662978512,77.88327793397576,4240.338942641607,"4240.338943 / 1,000,000",0.004240338942641607
361,726.7,17.387543114030652,77.89686384464844,575.6722196601219,"575.672220 / 1,000,000",0.0005756722196601219
362,728.1,17.376060138458165,77.90236605056305,180.62429999744967,"180.624300 / 1,000,000",0.00018062429999744968
363,728.2,17.375239923582985,77.90275904245169,8374.998303069906,"8374.998303 / 1,000,000",0.008374998303069906
364,730.0,17.359127481338135,77.9010785814434,8763.549636048912,"8763.549636 / 1,000,000",0.008763549636048912
365,733.3,17.329814099016026,77.89863398142916,1289.9707169893913,"1289.970717 / 1,000,000",0.0012899707169893913
366,735.9,17.3412140902083,77.91035608468002,1254.5269461961734,"1254.526946 / 1,000,000",0.0012545269461961734
367,738.8,17.364720635969427,77.9200315409421,2100.8241706340877,"2100.824171 / 1,000,000",0.002100824170634088
368,740.0,17.370482490210446,77.9295860738436,2559.5491812934706,"2559.549181 / 1,000,000",0.0025595491812934706
369,740.8,17.37432342034977,77.93595607002497,6522.130759152234,"6522.130759 / 1,000,000",0.006522130759152233
370,742.7,17.38344464733227,77.9510857972146,1167.3361623459552,"1167.336162 / 1,000,000",0.0011673361623459552
371,743.7,17.3882447374382,77.95904936910154,2569.6581419470895,"2569.658142 / 1,000,000",0.0025696581419470893
372,744.6,17.392410687015502,77.96630869879434,1905.5275180793956,"1905.527518 / 1,000,000",0.0019055275180793955
373,745.1,17.39418123371956,77.97055519879828,3384.4903488149894,"3384.490349 / 1,000,000",0.0033844903488149895
374,745.8,17.39404962584749,77.97713584495047,801.6848936572908,"801.684894 / 1,000,000",0.0008016848936572907
375,746.3,17.39483458997392,77.98174136802479,5184.10354400338,"5184.103544 / 1,000,000",0.00518410354400338
376,746.6,17.395445288780067,77.98448960420802,1003.6203284017711,"1003.620328 / 1,000,000",0.001003620328401771
377,749.2,17.408110996769835,78.00487712115554,4000.5716920595632,"4000.571692 / 1,000,000",0.004000571692059563
378,751.4,17.414569876342156,78.02430541048817,2408.375859428089,"2408.375859 / 1,000,000",0.002408375859428089
379,753.0,17.418487115056916,78.03876911206167,7434.504030707839,"7434.504031 / 1,000,000",0.007434504030707839
380,754.1,17.423792215384157,78.04700638756708,1312.5199264174057,"1312.519926 / 1,000,000",0.0013125199264174057
381,756.5,17.434623047179702,78.06624613958066,3371.541530316767,"3371.541530 / 1,000,000",0.003371541530316767
382,758.6,17.44064434366107,78.08478469183483,4772.184023738207,"4772.184024 / 1,000,000",0.004772184023738206
383,760.1,17.446272746833486,78.09711105176048,3569.675307143889,"3569.675307 / 1,000,000",0.003569675307143889
384,761.3,17.450250964247868,78.10690057334979,5922.795732988713,"5922.795733 / 1,000,000",0.005922795732988713
385,766.5,17.45091768498907,78.15438213444637,2626.011772045123,"2626.011772 / 1,000,000",0.002626011772045123
386,767.4,17.45139053663473,78.16276225829492,634.647811366437,"634.647811 / 1,000,000",0.000634647811366437
387,769.6,17.455819198227662,78.18255868181815,4765.134143839874,"4765.134144 / 1,000,000",0.004765134143839874
388,771.5,17.458504338081482,78.20016173892897,405.57422679807945,"405.574227 / 1,000,000",0.00040557422679807947
389,772.2,17.45898920740599,78.20671021843626,1887.1996389915212,"1887.199639 / 1,000,000",0.0018871996389915211
390,775.7,17.46423417458542,78.23869558406419,1877.9202478300151,"1877.920248 / 1,000,000",0.0018779202478300151
391,776.8,17.468682652689974,78.2479440203932,262.9763228393934,"262.976323 / 1,000,000",0.0002629763228393934
392,777.0,17.46913104091844,78.2497640633342,854.2706565304687,"854.270657 / 1,000,000",0.0008542706565304687
393,777.3,17.469779987958834,78.25250320720723,10922.792408592666,"10922.792409 / 1,000,000",0.010922792408592666
394,780.5,17.47558531349097,78.28172496768464,205.80372159687167,"205.803722 / 1,000,000",0.00020580372159687167
395,781.6,17.475615713607073,78.29159202046985,2713.428630453469,"2713.428630 / 1,000,000",0.002713428630453469
