geometry,intersection_length_m,intersection_length_km
"LINESTRING (286656.43178331305 2108800.0631860825, 286830.33016016666 2108840.9979280257)",178.65133240553467,0.17865133240553469
"LINESTRING (297589.6819163837 2104184.5470159235, 297658.99003006815 2104112.0838030237)",100.27228852614482,0.10027228852614482
"LINESTRING (304530.4981801343 2099229.484991202, 304556.74062953313 2099222.5427991305)",27.14516865318777,0.027145168653187772
"LINESTRING (310093.8098570578 2094522.5832280186, 310098.9859287536 2094503.3521074164)",19.915514500448673,0.019915514500448674
"LINESTRING (315297.12526587705 2090786.8424679912, 315333.9489205535 2090775.439703898, 315353.4698504098 2090763.822232167)",61.265075323383215,0.06126507532338322
"MULTILINESTRING ((316508.94594618084 2089875.081197775, 316533.46938692563 2089861.0999537006), (316859.97088453645 2089619.9686479757, 316928.2185375516 2089565.5111399787))",115.54083078880834,0.11554083078880834
"LINESTRING (323234.4331538272 2079805.6476504728, 323272.9739293515 2079763.3212715592)",57.24433360560756,0.05724433360560756
"MULTILINESTRING ((345945.04405645817 2075161.1144402365, 346007.09379521204 2075201.6913272252), (347025.53619576583 2075542.9224450272, 347043.1475845855 2075545.6027709215), (347135.1722659002 2075562.0336288817, 347212.69995341037 2075584.7395946684))",172.7379064703569,0.17273790647035692
"LINESTRING (379116.69123415055 2048393.022685632, 379144.9239121989 2048318.327833999)",79.85239489384738,0.07985239489384738
"LINESTRING (386687.46377456334 2009659.683837778, 386798.0674861029 2009478.2454448815)",212.49252086408757,0.21249252086408757
"MULTILINESTRING ((387482.7527962978 2007927.7834882792, 387489.36966044625 2007906.3175792643), (387573.82003926777 2007876.2818781845, 387713.4402162577 2007846.997087941))",165.12090198508136,0.16512090198508136
"MULTILINESTRING ((388290.1742128084 2007721.909423862, 388408.58863834414 2007686.8397766587), (389097.1978859308 2007359.621162223, 389149.6883410468 2007344.8054123924), (392562.9265910277 2004048.9683363498, 392568.017237046 2004035.7545849246))",192.20014902065506,0.19220014902065505
"LINESTRING (392103.0098029458 2005242.770869895, 392113.8019907066 2005214.7576696265)",30.020171650762006,0.030020171650762005
"LINESTRING (393056.6250840149 2001933.94227432, 393075.7563015571 2001885.049927172)",52.5020484769938,0.0525020484769938
"LINESTRING (395176.56695267954 1993986.8651608177, 394987.2497818494 1993849.3621913833)",233.9830288171217,0.23398302881712169
"MULTILINESTRING ((392349.04204489524 1986545.558066591, 392331.3436097003 1986421.8845939385), (392282.3592404391 1986220.4970283885, 392267.43255922326 1986181.003541082))",167.1535854437683,0.1671535854437683
"LINESTRING (390377.31686451234 1977248.9828527304, 390333.1201128388 1977177.3462975181)",84.17332654219587,0.08417332654219586
"MULTILINESTRING ((391193.6499538483 1969262.0386641342, 391200.15438869764 1969250.8847828747), (391451.2582644473 1968792.6472063283, 391479.11019926285 1968716.0028522187))",94.45995102637771,0.0944599510263777
"LINESTRING (392675.2960323956 1965424.2785543352, 392682.18139878806 1965405.3310570267)",20.159760033622515,0.020159760033622513
"LINESTRING (402158.73807176924 1956342.6926006533, 402234.84788776876 1956336.8133951428)",76.33655185371391,0.07633655185371391
"LINESTRING (409239.2443011253 1957144.674822023, 409445.78423926455 1957170.059262441)",208.09400727053838,0.2080940072705384
"LINESTRING (411298.5607807154 1957388.8589607738, 411342.2427095803 1957392.9832036288)",43.87619273007139,0.04387619273007139
"LINESTRING (427227.1235155891 1957980.4385863887, 427295.92543515447 1957959.5731025054)",71.89626244501748,0.07189626244501748
"MULTILINESTRING ((436979.28748815146 1957156.507909086, 437010.7192055972 1957153.351382025), (437512.9860558988 1957102.9112841336, 437542.39989081136 1957099.9574027227))",61.15160123399353,0.06115160123399353
"LINESTRING (449204.6474490433 1954798.5535030405, 449235.32195087016 1954793.5646732734)",31.07753987644061,0.03107753987644061
"MULTILINESTRING ((455431.5841003509 1954122.749435356, 455477.89906463394 1954117.8438442755), (457058.05464346043 1953754.6787752316, 457410.1824840942 1953670.156166058), (457594.882543816 1953625.8218954871, 457766.2200145636 1953584.695098893), (458341.0560203686 1953446.7149864142, 458570.5221288929 1953391.6353477964), (459784.3991036718 1953161.359071256, 459908.7364247742 1953138.9830401891), (475362.1358375741 1950873.7789215308, 475549.30110289075 1950904.7003295985))",1136.9292766465603,1.1369292766465604
"LINESTRING (462375.27722874 1952695.098668483, 462438.4339022464 1952683.7328478596)",64.17123410720863,0.06417123410720864
"LINESTRING (463400.7331380029 1952362.5104115452, 463563.4951792618 1952297.313289074)",175.3343858268299,0.1753343858268299
"LINESTRING (476600.26974146755 1951078.3299295388, 476693.2423495353 1951093.689851949)",94.23286617398837,0.09423286617398836
"LINESTRING (479255.9087017177 1951157.7688968284, 479322.0492822673 1951157.2267359565)",66.14280258538786,0.06614280258538785
"MULTILINESTRING ((479911.49631632393 1951152.3949803954, 480009.9722615611 1951151.5877633453), (480056.355418321 1951151.207556028, 480094.8448192118 1951150.8920546072))",136.96994756778787,0.13696994756778788
"LINESTRING (480304.55033064634 1951149.1730778161, 480411.00052847236 1951148.30049503)",106.45377408959412,0.10645377408959412
"LINESTRING (484175.6606803617 1952181.949589159, 484218.21803806245 1952194.2289681158)",44.293474034361665,0.044293474034361666
"LINESTRING (487113.7368045703 1952937.4615912398, 487244.47508447897 1952967.8813042087)",134.23061040829774,0.13423061040829773
"LINESTRING (490379.73706716695 1953697.3827911655, 490444.7817125263 1953712.517145414)",66.78214258645544,0.06678214258645544
"LINESTRING (500248.40921137837 1955057.9169071338, 500320.74612762075 1955071.5129249527)",73.60354034955412,0.07360354034955412
"LINESTRING (515367.93489996716 1955882.5986102335, 515376.0724462803 1955879.9530516772)",8.556789121679753,0.008556789121679753
"MULTILINESTRING ((520094.2420673673 1954838.4159256339, 520106.96189304936 1954837.818657324), (524879.1459666968 1954813.0014760208, 524940.170482469 1954824.5614908559), (525037.6179812385 1954843.021195405, 525054.4719040291 1954846.213872889))",91.99728181743733,0.09199728181743733
"LINESTRING (528386.9091558595 1955381.1391057349, 528414.5132296812 1955379.204958114)",27.6717512740343,0.0276717512740343
"LINESTRING (530090.3827187995 1955261.7810225715, 530133.3202184906 1955258.77250059)",43.042770406084635,0.04304277040608463
"LINESTRING (535715.2975995489 1955217.6851830906, 536085.5657705868 1955326.597957767)",385.95402701808115,0.3859540270180811
"MULTILINESTRING ((549684.8296824606 1963713.6739934376, 549710.4473835239 1963717.9353939246), (550807.5368357055 1963900.4317668197, 551060.9638254748 1963942.588316894))",282.8790653551029,0.28287906535510293
"LINESTRING (572307.1053115793 1966390.409266974, 572313.2273818548 1966373.5625349274)",17.92462343009801,0.01792462343009801
"LINESTRING (587520.381164553 1954904.4526589678, 587528.6139177787 1954903.0583184767)",8.349994675498618,0.008349994675498618
"LINESTRING (596130.9781556083 1951514.753301792, 596230.2126971515 1951400.246365195)",151.52337365619007,0.15152337365619006
"LINESTRING (601496.2329795682 1945773.742083979, 601519.477548168 1945754.199616692)",30.36804236460515,0.03036804236460515
"LINESTRING (608467.5122733128 1939912.7601104216, 608483.4542539407 1939899.3571671243)",20.827521104831593,0.020827521104831593
"LINESTRING (640368.8928282312 1921962.2168932497, 640433.5760262469 1921945.7093883767)",66.75637664422716,0.06675637664422716
"LINESTRING (665722.7351726581 1917752.3766227963, 665824.1240351531 1917762.8891872612)",101.93240627813933,0.10193240627813932
"LINESTRING (673602.5050086188 1919243.2551733893, 673609.4099800712 1919244.0546108098)",6.951095665294489,0.00695109566529449
"MULTILINESTRING ((673621.6329549837 1919245.4697511331, 673682.8937679055 1919252.5623490675), (673699.1024475805 1919254.4389426433, 673756.4677218281 1919261.0805264914))",119.41849231318756,0.11941849231318756
"LINESTRING (679133.1513140716 1917909.8658385808, 679142.8681534069 1917905.8821741615)",10.501740278303055,0.010501740278303055
"LINESTRING (707713.0287923618 1891982.4930757682, 707884.7760214503 1891868.521770806)",206.12270387888242,0.20612270387888243
"LINESTRING (727462.1546243151 1895521.8957617448, 727536.4790798313 1895534.7439309694)",75.42678662252423,0.07542678662252424
"MULTILINESTRING ((726158.9882372993 1895296.6226379564, 726219.5847346555 1895307.097710354), (728215.3578102394 1895828.3720769486, 728298.1294835992 1895872.9607812178))",155.5127891089933,0.1555127891089933
"LINESTRING (734227.7809873046 1897792.3002436142, 734261.4984911511 1897805.4635190289)",36.19588215916445,0.03619588215916445
"LINESTRING (743543.2232655295 1901419.553205819, 743574.613398096 1901431.638707025)",33.6362863874179,0.0336362863874179
"MULTILINESTRING ((754361.9311461877 1903842.6098299646, 754390.5800685217 1903854.1397819226), (754775.5215337613 1904009.062070066, 754850.5636909473 1904039.2632921953))",111.77356960703611,0.1117735696070361
"LINESTRING (765979.0611775842 1906514.5194930597, 766066.782589754 1906516.3531426715)",87.74057455905732,0.08774057455905732
"LINESTRING (769750.6190841761 1907656.3765076112, 769970.6282017289 1907747.1283205026)",237.99139343559477,0.23799139343559478
"LINESTRING (781481.3552503953 1910682.0707829543, 781526.0811094013 1910704.556216188)",50.05993579235817,0.050059935792358165
"MULTILINESTRING ((794457.0465665845 1913513.3464094985, 794527.6092216307 1913495.055266421), (794728.8468731663 1913442.8907514326, 794887.0814961488 1913401.8734154655))",236.35923954854934,0.23635923954854934
"LINESTRING (815033.0098518884 1925255.072294946, 815084.9605543002 1925286.661569192)",60.80096815406316,0.06080096815406316
"LINESTRING (859748.0799989926 1934414.8307778758, 859779.1026975649 1934337.4473901414)",83.3702376388588,0.0833702376388588
"LINESTRING (867174.2620555109 1931517.8763372556, 867191.0972815696 1931503.1830451787)",22.345417170115343,0.022345417170115345
