route,Sarovar_ID,Name_of_Sarovar,Village,District,State,distance_m,distance_km
Route 1,48073,Mohope,Mohope,Raigarh,MAHARASHTRA,6.869983475232766,0.006869983475232767
Route 1,53795,PT MAHASALVADI KAIKAD BARAMATI,LONI BHAPKAR,Pune,MAHARASHTRA,145.29492575100747,0.14529492575100747
Route 1,79219,Hiraj Percolation Tank,Hiraj,Solapur,MAHARASHTRA,157.66891129261748,0.15766891129261748
Route 1,47945,Poyanje Talav,Poyanje,Raigarh,MAHARASHTRA,171.87920094988274,0.17187920094988274
Route 1,86338,motku kunta,BONKUR,Vikarabad,TELANGANA,218.91414725293296,0.21891414725293296
Route 1,72190,Sarole 10.100 RHS,Sarole,Solapur,MAHARASHTRA,326.7582660136605,0.3267582660136605
Route 1,98201,Hunsihadgil Amrit Sarovar,HUNASEHADAGIL,Kalaburagi,KARNATAKA,353.73988153476773,0.3537398815347677
Route 1,79348,Tirhe Pajar talav,Hiraj,Solapur,MAHARASHTRA,370.0549351035728,0.3700549351035728
Route 1,71399,Sarole 9.150 LHS,Sarole,Solapur,MAHARASHTRA,379.05154944762097,0.379051549447621
Route 1,54341,PT Tarangwadi Indapur,NARATWADI,Pune,MAHARASHTRA,406.57311698469096,0.40657311698469095
Route 1,71098,48.800LHS bhandishegav,Bhandi Shegaon,Solapur,MAHARASHTRA,448.01774335885693,0.4480177433588569
Route 1,71180,48.800 bhandishegav,Bhandi Shegaon,Solapur,MAHARASHTRA,470.7787485968216,0.47077874859682156
Route 1,71343,56.000 LHS 5km lead-Dhondewadi lake,Dhondewadi,Solapur,MAHARASHTRA,500.0269689837162,0.5000269689837162
Route 1,71307,56.000LHS 0.5km lead-Bhandishegav,Dhondewadi,Solapur,MAHARASHTRA,500.85281198660726,0.5008528119866072
Route 1,43625,Datar kunta,Kondapur,Vikarabad,TELANGANA,532.8670823790485,0.5328670823790485
Route 1,64097,Mangaon Talav,KONDANE,Raigarh,MAHARASHTRA,629.373691009584,0.6293736910095841
Route 1,58270,Lodhiwali Talav,Lodhivali,Raigarh,MAHARASHTRA,671.7152246263886,0.6717152246263886
Route 1,106528,Wardoli Talav,Wardoli,Raigarh,MAHARASHTRA,826.712299547389,0.826712299547389
Route 1,27863,Kurkunta,SEDAM,Kalaburagi,KARNATAKA,959.8952171641864,0.9598952171641865
Route 1,143910,QMTI,VAGHOLI,Pune,MAHARASHTRA,1040.2186363155784,1.0402186363155783
