Scenario,Route,Highway_Weight,Waterbody_Weight,Wetland_Weight,ESZ_Weight,Final_Score,Rank
Baseline,Route 1,0.17156227934225762,0.14363637663692191,0.4588350326161018,0.22596631140471857,0.4763680384569398,2
Baseline,Route 2,0.17156227934225762,0.14363637663692191,0.4588350326161018,0.22596631140471857,0.37126211335918,3
Baseline,Route 3,0.17156227934225762,0.14363637663692191,0.4588350326161018,0.22596631140471857,0.5899333804874503,1
Highway +10%,Route 1,0.18553541933254217,0.14121368251230937,0.45109592805420284,0.22215497010094565,0.469814675474211,2
Highway +10%,Route 2,0.18553541933254217,0.14121368251230937,0.45109592805420284,0.22215497010094565,0.3818669449453765,3
Highway +10%,Route 3,0.18553541933254217,0.14121368251230937,0.45109592805420284,0.22215497010094565,0.57998305893045,1
Waterbody +10%,Route 1,0.1691329154280453,0.15576269538261814,0.45233781612371493,0.22276657306562156,0.469865476903552,2
Waterbody +10%,Route 2,0.1691329154280453,0.15576269538261814,0.45233781612371493,0.22276657306562156,0.36600495086188245,3
Waterbody +10%,Route 3,0.1691329154280453,0.15576269538261814,0.45233781612371493,0.22276657306562156,0.5957400243003332,1
Wetland +10%,Route 1,0.16403574471462357,0.13733496722052582,0.4825762470712431,0.2160530409936076,0.49934006998857655,2
Wetland +10%,Route 2,0.16403574471462357,0.13733496722052582,0.4825762470712431,0.2160530409936076,0.354974633600579,3
Wetland +10%,Route 3,0.16403574471462357,0.13733496722052582,0.4825762470712431,0.2160530409936076,0.5851191340370135,1
ESZ +10%,Route 1,0.16777121507912587,0.14046239960396556,0.44869601428705735,0.24307037102985127,0.4658415879247134,2
ESZ +10%,Route 2,0.16777121507912587,0.14046239960396556,0.44869601428705735,0.24307037102985127,0.3825869212228312,3
ESZ +10%,Route 3,0.16777121507912587,0.14046239960396556,0.44869601428705735,0.24307037102985127,0.5989947482467115,1
Highway +20%,Route 1,0.19904501201993957,0.13887135925122246,0.4436135618523949,0.21847006687644296,0.46347871486042685,2
Highway +20%,Route 2,0.19904501201993957,0.13887135925122246,0.4436135618523949,0.21847006687644296,0.3921199700598156,3
Highway +20%,Route 3,0.19904501201993957,0.13887135925122246,0.4436135618523949,0.21847006687644296,0.5703628310191022,1
Waterbody +20%,Route 1,0.1667713916573849,0.16755038589742155,0.4460220348197545,0.21965618762543898,0.46354449979976287,2
Waterbody +20%,Route 2,0.1667713916573849,0.16755038589742155,0.4460220348197545,0.21965618762543898,0.36089459496544285,3
Waterbody +20%,Route 3,0.1667713916573849,0.16755038589742155,0.4460220348197545,0.21965618762543898,0.6013845172112801,1
Wetland +20%,Route 1,0.15714184282652505,0.1315632142927072,0.5043219256943278,0.20697301718643993,0.5203812183236889,2
Wetland +20%,Route 2,0.15714184282652505,0.1315632142927072,0.5043219256943278,0.20697301718643993,0.34005617603473876,3
Wetland +20%,Route 3,0.15714184282652505,0.1315632142927072,0.5043219256943278,0.20697301718643993,0.5807095425933518,1
ESZ +20%,Route 1,0.16414407319068844,0.13742566262191713,0.438995398434523,0.25943486575287134,0.455770292105934,2
ESZ +20%,Route 2,0.16414407319068844,0.13742566262191713,0.438995398434523,0.25943486575287134,0.3934220540851851,3
ESZ +20%,Route 3,0.16414407319068844,0.13742566262191713,0.438995398434523,0.25943486575287134,0.6076643102179456,1
