candidate_id,route,chainage_km,education_within_1km,schools_within_1km,colleges_within_1km,universities_within_1km,nearest_education_distance_m,nearest_education_distance_km,nearest_education_name,nearest_education_type
Route_1_ST_001,Route 1,0.0,26,12,1,0,161.63,0.1616,Elphinstone Road Municipal School,school
Route_1_ST_002,Route 1,5.0,11,5,3,0,55.76,0.0558,Shikshan Sadhana Mandal's Sadhana Vidyalaya,
Route_1_ST_003,Route 1,10.0,9,1,1,1,455.12,0.4551,KJ SOMAIYA COLLEGE,
Route_1_ST_004,Route 1,15.0,4,3,0,0,88.37,0.0884,St. Josephs High School,school
Route_1_ST_005,Route 1,20.0,5,3,0,0,327.66,0.3277,G.S Shetty International Schol,
Route_1_ST_006,Route 1,25.0,18,7,1,1,269.71,0.2697,Bharat Highschool,
Route_1_ST_007,Route 1,30.0,0,0,0,0,,,,
Route_1_ST_008,Route 1,35.0,2,1,0,0,868.79,0.8688,Smt. Indira Gandhi College of Engineering,school
Route_1_ST_009,Route 1,40.0,1,0,1,0,504.23,0.5042,Navi Mumbai Jr. College,college
Route_1_ST_010,Route 1,45.0,33,10,12,1,184.69,0.1847,St. Augustines High School,school
Route_1_ST_011,Route 1,50.0,7,3,0,1,395.6,0.3956,D.Y. Patil School & Jr. College,school
Route_1_ST_012,Route 1,55.0,0,0,0,0,,,,
Route_1_ST_013,Route 1,60.0,9,1,3,0,498.01,0.498,Government College Of Education Panvel,college
Route_1_ST_014,Route 1,65.0,0,0,0,0,,,,
Route_1_ST_015,Route 1,70.0,0,0,0,0,,,,
Route_1_ST_016,Route 1,75.0,0,0,0,0,,,,
Route_1_ST_017,Route 1,80.0,0,0,0,0,,,,
Route_1_ST_018,Route 1,85.0,0,0,0,0,,,,
Route_1_ST_019,Route 1,90.0,0,0,0,0,,,,
Route_1_ST_020,Route 1,95.0,0,0,0,0,,,,
Route_1_ST_021,Route 1,100.0,0,0,0,0,,,,
Route_1_ST_022,Route 1,105.0,0,0,0,0,,,,
Route_1_ST_023,Route 1,110.0,0,0,0,0,,,,
Route_1_ST_024,Route 1,115.0,0,0,0,0,,,,
Route_1_ST_025,Route 1,120.0,0,0,0,0,,,,
Route_1_ST_026,Route 1,125.0,0,0,0,0,,,,
Route_1_ST_027,Route 1,130.0,0,0,0,0,,,,
Route_1_ST_028,Route 1,135.0,0,0,0,0,,,,
Route_1_ST_029,Route 1,140.0,2,2,0,0,536.58,0.5366,Mount St. Ann High School,school
Route_1_ST_030,Route 1,145.0,0,0,0,0,,,,
Route_1_ST_031,Route 1,150.0,0,0,0,0,,,,
Route_1_ST_032,Route 1,155.0,10,1,1,0,321.22,0.3212,Saint Mary School,
Route_1_ST_033,Route 1,160.0,4,0,1,0,444.66,0.4447,ATSS College,college
Route_1_ST_034,Route 1,165.0,1,0,1,0,311.06,0.3111,College of Military Engineering,college
Route_1_ST_035,Route 1,170.0,1,1,0,0,369.45,0.3695,All Saints' High School,school
Route_1_ST_036,Route 1,175.0,12,5,4,0,153.54,0.1535,AISSMS,college
Route_1_ST_037,Route 1,180.0,1,1,0,0,393.14,0.3931,Dobarwadi Municipal School,school
Route_1_ST_038,Route 1,185.0,0,0,0,0,,,,
Route_1_ST_039,Route 1,190.0,1,0,0,0,686.12,0.6861,Sri Sai English medium School,
Route_1_ST_040,Route 1,195.0,0,0,0,0,,,,
Route_1_ST_041,Route 1,200.0,0,0,0,0,,,,
Route_1_ST_042,Route 1,205.0,0,0,0,0,,,,
Route_1_ST_043,Route 1,210.0,0,0,0,0,,,,
Route_1_ST_044,Route 1,215.0,0,0,0,0,,,,
Route_1_ST_045,Route 1,220.0,0,0,0,0,,,,
Route_1_ST_046,Route 1,225.0,0,0,0,0,,,,
Route_1_ST_047,Route 1,230.0,0,0,0,0,,,,
Route_1_ST_048,Route 1,235.0,0,0,0,0,,,,
Route_1_ST_049,Route 1,240.0,0,0,0,0,,,,
Route_1_ST_050,Route 1,245.0,1,1,0,0,932.45,0.9325,Z.P school Tardoli,school
Route_1_ST_051,Route 1,250.0,0,0,0,0,,,,
Route_1_ST_052,Route 1,255.0,0,0,0,0,,,,
Route_1_ST_053,Route 1,260.0,0,0,0,0,,,,
Route_1_ST_054,Route 1,265.0,0,0,0,0,,,,
Route_1_ST_055,Route 1,270.0,0,0,0,0,,,,
Route_1_ST_056,Route 1,275.0,0,0,0,0,,,,
Route_1_ST_057,Route 1,280.0,0,0,0,0,,,,
Route_1_ST_058,Route 1,285.0,0,0,0,0,,,,
Route_1_ST_059,Route 1,290.0,0,0,0,0,,,,
Route_1_ST_060,Route 1,295.0,0,0,0,0,,,,
Route_1_ST_061,Route 1,300.0,0,0,0,0,,,,
Route_1_ST_062,Route 1,305.0,0,0,0,0,,,,
Route_1_ST_063,Route 1,310.0,0,0,0,0,,,,
Route_1_ST_064,Route 1,315.0,0,0,0,0,,,,
Route_1_ST_065,Route 1,320.0,0,0,0,0,,,,
Route_1_ST_066,Route 1,325.0,0,0,0,0,,,,
Route_1_ST_067,Route 1,330.0,0,0,0,0,,,,
Route_1_ST_068,Route 1,335.0,0,0,0,0,,,,
Route_1_ST_069,Route 1,340.0,0,0,0,0,,,,
Route_1_ST_070,Route 1,345.0,0,0,0,0,,,,
Route_1_ST_071,Route 1,350.0,1,1,0,0,800.73,0.8007,Shankarrao Mohite Mahavidyalaya,school
Route_1_ST_072,Route 1,355.0,0,0,0,0,,,,
Route_1_ST_073,Route 1,360.0,0,0,0,0,,,,
Route_1_ST_074,Route 1,365.0,0,0,0,0,,,,
Route_1_ST_075,Route 1,370.0,0,0,0,0,,,,
Route_1_ST_076,Route 1,375.0,0,0,0,0,,,,
Route_1_ST_077,Route 1,380.0,0,0,0,0,,,,
Route_1_ST_078,Route 1,385.0,0,0,0,0,,,,
Route_1_ST_079,Route 1,390.0,0,0,0,0,,,,
Route_1_ST_080,Route 1,395.0,0,0,0,0,,,,
Route_1_ST_081,Route 1,400.0,0,0,0,0,,,,
Route_1_ST_082,Route 1,405.0,0,0,0,0,,,,
Route_1_ST_083,Route 1,410.0,0,0,0,0,,,,
Route_1_ST_084,Route 1,415.0,0,0,0,0,,,,
Route_1_ST_085,Route 1,420.0,0,0,0,0,,,,
Route_1_ST_086,Route 1,425.0,0,0,0,0,,,,
Route_1_ST_087,Route 1,430.0,0,0,0,0,,,,
Route_1_ST_088,Route 1,435.0,0,0,0,0,,,,
Route_1_ST_089,Route 1,440.0,0,0,0,0,,,,
Route_1_ST_090,Route 1,445.0,0,0,0,0,,,,
Route_1_ST_091,Route 1,450.0,0,0,0,0,,,,
Route_1_ST_092,Route 1,455.0,0,0,0,0,,,,
Route_1_ST_093,Route 1,460.0,0,0,0,0,,,,
Route_1_ST_094,Route 1,465.0,3,1,1,1,640.72,0.6407,St. Joseph's High School,school
Route_1_ST_095,Route 1,470.0,1,0,1,0,809.76,0.8098,PSPM Mahila Homeopathy College,college
Route_1_ST_096,Route 1,475.0,0,0,0,0,,,,
Route_1_ST_097,Route 1,480.0,0,0,0,0,,,,
Route_1_ST_098,Route 1,485.0,0,0,0,0,,,,
Route_1_ST_099,Route 1,490.0,0,0,0,0,,,,
Route_1_ST_100,Route 1,495.0,0,0,0,0,,,,
Route_1_ST_101,Route 1,500.0,0,0,0,0,,,,
Route_1_ST_102,Route 1,505.0,0,0,0,0,,,,
Route_1_ST_103,Route 1,510.0,0,0,0,0,,,,
Route_1_ST_104,Route 1,515.0,0,0,0,0,,,,
Route_1_ST_105,Route 1,520.0,0,0,0,0,,,,
Route_1_ST_106,Route 1,525.0,0,0,0,0,,,,
Route_1_ST_107,Route 1,530.0,0,0,0,0,,,,
Route_1_ST_108,Route 1,535.0,0,0,0,0,,,,
Route_1_ST_109,Route 1,540.0,0,0,0,0,,,,
Route_1_ST_110,Route 1,545.0,0,0,0,0,,,,
Route_1_ST_111,Route 1,550.0,0,0,0,0,,,,
Route_1_ST_112,Route 1,555.0,0,0,0,0,,,,
Route_1_ST_113,Route 1,560.0,0,0,0,0,,,,
Route_1_ST_114,Route 1,565.0,0,0,0,0,,,,
Route_1_ST_115,Route 1,570.0,0,0,0,0,,,,
Route_1_ST_116,Route 1,575.0,0,0,0,0,,,,
Route_1_ST_117,Route 1,580.0,1,0,1,0,896.15,0.8962,Poojya Doddappa Appa College,college
Route_1_ST_118,Route 1,585.0,0,0,0,0,,,,
Route_1_ST_119,Route 1,590.0,0,0,0,0,,,,
Route_1_ST_120,Route 1,595.0,0,0,0,0,,,,
Route_1_ST_121,Route 1,600.0,0,0,0,0,,,,
Route_1_ST_122,Route 1,605.0,7,7,0,0,337.76,0.3378,Kudala Sangama Education Society,school
Route_1_ST_123,Route 1,610.0,0,0,0,0,,,,
Route_1_ST_124,Route 1,615.0,0,0,0,0,,,,
Route_1_ST_125,Route 1,620.0,0,0,0,0,,,,
Route_1_ST_126,Route 1,625.0,0,0,0,0,,,,
Route_1_ST_127,Route 1,630.0,0,0,0,0,,,,
Route_1_ST_128,Route 1,635.0,0,0,0,0,,,,
Route_1_ST_129,Route 1,640.0,0,0,0,0,,,,
Route_1_ST_130,Route 1,645.0,0,0,0,0,,,,
Route_1_ST_131,Route 1,650.0,0,0,0,0,,,,
Route_1_ST_132,Route 1,655.0,0,0,0,0,,,,
Route_1_ST_133,Route 1,660.0,0,0,0,0,,,,
Route_1_ST_134,Route 1,665.0,0,0,0,0,,,,
Route_1_ST_135,Route 1,670.0,0,0,0,0,,,,
Route_1_ST_136,Route 1,675.0,0,0,0,0,,,,
Route_1_ST_137,Route 1,680.0,0,0,0,0,,,,
Route_1_ST_138,Route 1,685.0,1,0,0,0,624.86,0.6249,Govt. Jr. College,
Route_1_ST_139,Route 1,690.0,0,0,0,0,,,,
Route_1_ST_140,Route 1,695.0,0,0,0,0,,,,
Route_1_ST_141,Route 1,700.0,0,0,0,0,,,,
Route_1_ST_142,Route 1,705.0,0,0,0,0,,,,
Route_1_ST_143,Route 1,710.0,0,0,0,0,,,,
Route_1_ST_144,Route 1,715.0,0,0,0,0,,,,
Route_1_ST_145,Route 1,720.0,0,0,0,0,,,,
Route_1_ST_146,Route 1,725.0,0,0,0,0,,,,
Route_1_ST_147,Route 1,730.0,0,0,0,0,,,,
Route_1_ST_148,Route 1,735.0,0,0,0,0,,,,
Route_1_ST_149,Route 1,740.0,0,0,0,0,,,,
Route_1_ST_150,Route 1,745.0,0,0,0,0,,,,
Route_1_ST_151,Route 1,750.0,0,0,0,0,,,,
Route_1_ST_152,Route 1,755.0,0,0,0,0,,,,
Route_1_ST_153,Route 1,760.0,0,0,0,0,,,,
Route_1_ST_154,Route 1,765.0,0,0,0,0,,,,
Route_1_ST_155,Route 1,770.0,205,1,0,0,326.3,0.3263,,
Route_1_ST_156,Route 1,775.0,6,2,0,0,445.82,0.4458,ZPHS school,
Route_1_ST_157,Route 1,780.0,1,0,1,0,588.85,0.5889,Chaitanya Junior College,college
Route_1_ST_158,Route 1,785.0,1,1,0,0,741.5,0.7415,St.Thomas High School,school
Route_1_END,Route 1,788.78495,1,1,0,0,741.5,0.7415,St.Thomas High School,school
Route_2_ST_001,Route 2,0.0,5,3,0,0,547.44,0.5474,st. joseph high school,
Route_2_ST_002,Route 2,5.0,6,4,0,0,5.75,0.0058,Kumud Vidyamandir,school
Route_2_ST_003,Route 2,10.0,0,0,0,0,,,,
Route_2_ST_004,Route 2,15.0,16,10,2,1,245.28,0.2453,Swami Vivekanand Sankul School,school
Route_2_ST_005,Route 2,20.0,14,5,5,0,350.46,0.3505,Terna Engineering College,college
Route_2_ST_006,Route 2,25.0,12,0,7,2,192.79,0.1928,Bharathi Vidyapeeth,college
Route_2_ST_007,Route 2,30.0,0,0,0,0,,,,
Route_2_ST_008,Route 2,35.0,1,0,1,0,917.25,0.9172,Dr. K. M. Vasudevan Pillai's College,college
Route_2_ST_009,Route 2,40.0,0,0,0,0,,,,
Route_2_ST_010,Route 2,45.0,0,0,0,0,,,,
Route_2_ST_011,Route 2,50.0,0,0,0,0,,,,
Route_2_ST_012,Route 2,55.0,0,0,0,0,,,,
Route_2_ST_013,Route 2,60.0,0,0,0,0,,,,
Route_2_ST_014,Route 2,65.0,0,0,0,0,,,,
Route_2_ST_015,Route 2,70.0,1,1,0,0,951.9,0.9519,Carmel Convent School,school
Route_2_ST_016,Route 2,75.0,0,0,0,0,,,,
Route_2_ST_017,Route 2,80.0,0,0,0,0,,,,
Route_2_ST_018,Route 2,85.0,0,0,0,0,,,,
Route_2_ST_019,Route 2,90.0,0,0,0,0,,,,
Route_2_ST_020,Route 2,95.0,0,0,0,0,,,,
Route_2_ST_021,Route 2,100.0,0,0,0,0,,,,
Route_2_ST_022,Route 2,105.0,2,2,0,0,454.72,0.4547,Mount St. Ann High School,school
Route_2_ST_023,Route 2,110.0,0,0,0,0,,,,
Route_2_ST_024,Route 2,115.0,0,0,0,0,,,,
Route_2_ST_025,Route 2,120.0,15,2,2,0,150.52,0.1505,Saint Mary School,
Route_2_ST_026,Route 2,125.0,4,0,1,0,539.14,0.5391,ATSS College,college
Route_2_ST_027,Route 2,130.0,1,0,1,0,369.71,0.3697,College of Military Engineering,college
Route_2_ST_028,Route 2,135.0,1,1,0,0,176.06,0.1761,All Saints' High School,school
Route_2_ST_029,Route 2,140.0,31,21,2,0,246.44,0.2464,N. V. Gadgil Vidyalay,school
Route_2_ST_030,Route 2,145.0,2,0,0,0,429.36,0.4294,Sitaram Abaji Bibwe School,
Route_2_ST_031,Route 2,150.0,0,0,0,0,,,,
Route_2_ST_032,Route 2,155.0,0,0,0,0,,,,
Route_2_ST_033,Route 2,160.0,0,0,0,0,,,,
Route_2_ST_034,Route 2,165.0,0,0,0,0,,,,
Route_2_ST_035,Route 2,170.0,0,0,0,0,,,,
Route_2_ST_036,Route 2,175.0,0,0,0,0,,,,
Route_2_ST_037,Route 2,180.0,0,0,0,0,,,,
Route_2_ST_038,Route 2,185.0,0,0,0,0,,,,
Route_2_ST_039,Route 2,190.0,0,0,0,0,,,,
Route_2_ST_040,Route 2,195.0,0,0,0,0,,,,
Route_2_ST_041,Route 2,200.0,0,0,0,0,,,,
Route_2_ST_042,Route 2,205.0,0,0,0,0,,,,
Route_2_ST_043,Route 2,210.0,0,0,0,0,,,,
Route_2_ST_044,Route 2,215.0,0,0,0,0,,,,
Route_2_ST_045,Route 2,220.0,4,0,0,0,475.79,0.4758,,
Route_2_ST_046,Route 2,225.0,0,0,0,0,,,,
Route_2_ST_047,Route 2,230.0,0,0,0,0,,,,
Route_2_ST_048,Route 2,235.0,0,0,0,0,,,,
Route_2_ST_049,Route 2,240.0,0,0,0,0,,,,
Route_2_ST_050,Route 2,245.0,0,0,0,0,,,,
Route_2_ST_051,Route 2,250.0,0,0,0,0,,,,
Route_2_ST_052,Route 2,255.0,0,0,0,0,,,,
Route_2_ST_053,Route 2,260.0,0,0,0,0,,,,
Route_2_ST_054,Route 2,265.0,0,0,0,0,,,,
Route_2_ST_055,Route 2,270.0,0,0,0,0,,,,
Route_2_ST_056,Route 2,275.0,0,0,0,0,,,,
Route_2_ST_057,Route 2,280.0,0,0,0,0,,,,
Route_2_ST_058,Route 2,285.0,0,0,0,0,,,,
Route_2_ST_059,Route 2,290.0,0,0,0,0,,,,
Route_2_ST_060,Route 2,295.0,0,0,0,0,,,,
Route_2_ST_061,Route 2,300.0,0,0,0,0,,,,
Route_2_ST_062,Route 2,305.0,0,0,0,0,,,,
Route_2_ST_063,Route 2,310.0,0,0,0,0,,,,
Route_2_ST_064,Route 2,315.0,0,0,0,0,,,,
Route_2_ST_065,Route 2,320.0,0,0,0,0,,,,
Route_2_ST_066,Route 2,325.0,0,0,0,0,,,,
Route_2_ST_067,Route 2,330.0,0,0,0,0,,,,
Route_2_ST_068,Route 2,335.0,0,0,0,0,,,,
Route_2_ST_069,Route 2,340.0,0,0,0,0,,,,
Route_2_ST_070,Route 2,345.0,0,0,0,0,,,,
Route_2_ST_071,Route 2,350.0,0,0,0,0,,,,
Route_2_ST_072,Route 2,355.0,0,0,0,0,,,,
Route_2_ST_073,Route 2,360.0,0,0,0,0,,,,
Route_2_ST_074,Route 2,365.0,0,0,0,0,,,,
Route_2_ST_075,Route 2,370.0,0,0,0,0,,,,
Route_2_ST_076,Route 2,375.0,0,0,0,0,,,,
Route_2_ST_077,Route 2,380.0,0,0,0,0,,,,
Route_2_ST_078,Route 2,385.0,0,0,0,0,,,,
Route_2_ST_079,Route 2,390.0,0,0,0,0,,,,
Route_2_ST_080,Route 2,395.0,0,0,0,0,,,,
Route_2_ST_081,Route 2,400.0,0,0,0,0,,,,
Route_2_ST_082,Route 2,405.0,0,0,0,0,,,,
Route_2_ST_083,Route 2,410.0,0,0,0,0,,,,
Route_2_ST_084,Route 2,415.0,0,0,0,0,,,,
Route_2_ST_085,Route 2,420.0,0,0,0,0,,,,
Route_2_ST_086,Route 2,425.0,0,0,0,0,,,,
Route_2_ST_087,Route 2,430.0,0,0,0,0,,,,
Route_2_ST_088,Route 2,435.0,0,0,0,0,,,,
Route_2_ST_089,Route 2,440.0,0,0,0,0,,,,
Route_2_ST_090,Route 2,445.0,0,0,0,0,,,,
Route_2_ST_091,Route 2,450.0,0,0,0,0,,,,
Route_2_ST_092,Route 2,455.0,0,0,0,0,,,,
Route_2_ST_093,Route 2,460.0,6,2,3,1,189.61,0.1896,Shri New English High School,college
Route_2_ST_094,Route 2,465.0,0,0,0,0,,,,
Route_2_ST_095,Route 2,470.0,0,0,0,0,,,,
Route_2_ST_096,Route 2,475.0,0,0,0,0,,,,
Route_2_ST_097,Route 2,480.0,0,0,0,0,,,,
Route_2_ST_098,Route 2,485.0,0,0,0,0,,,,
Route_2_ST_099,Route 2,490.0,0,0,0,0,,,,
Route_2_ST_100,Route 2,495.0,0,0,0,0,,,,
Route_2_ST_101,Route 2,500.0,0,0,0,0,,,,
Route_2_ST_102,Route 2,505.0,0,0,0,0,,,,
Route_2_ST_103,Route 2,510.0,0,0,0,0,,,,
Route_2_ST_104,Route 2,515.0,0,0,0,0,,,,
Route_2_ST_105,Route 2,520.0,0,0,0,0,,,,
Route_2_ST_106,Route 2,525.0,0,0,0,0,,,,
Route_2_ST_107,Route 2,530.0,0,0,0,0,,,,
Route_2_ST_108,Route 2,535.0,0,0,0,0,,,,
Route_2_ST_109,Route 2,540.0,0,0,0,0,,,,
Route_2_ST_110,Route 2,545.0,0,0,0,0,,,,
Route_2_ST_111,Route 2,550.0,0,0,0,0,,,,
Route_2_ST_112,Route 2,555.0,0,0,0,0,,,,
Route_2_ST_113,Route 2,560.0,0,0,0,0,,,,
Route_2_ST_114,Route 2,565.0,0,0,0,0,,,,
Route_2_ST_115,Route 2,570.0,2,1,1,0,456.68,0.4567,Industrial Training Institute Kalaburagi,school
Route_2_ST_116,Route 2,575.0,1,0,1,0,457.02,0.457,,college
Route_2_ST_117,Route 2,580.0,0,0,0,0,,,,
Route_2_ST_118,Route 2,585.0,0,0,0,0,,,,
Route_2_ST_119,Route 2,590.0,0,0,0,0,,,,
Route_2_ST_120,Route 2,595.0,0,0,0,0,,,,
Route_2_ST_121,Route 2,600.0,0,0,0,0,,,,
Route_2_ST_122,Route 2,605.0,0,0,0,0,,,,
Route_2_ST_123,Route 2,610.0,0,0,0,0,,,,
Route_2_ST_124,Route 2,615.0,0,0,0,0,,,,
Route_2_ST_125,Route 2,620.0,0,0,0,0,,,,
Route_2_ST_126,Route 2,625.0,0,0,0,0,,,,
Route_2_ST_127,Route 2,630.0,0,0,0,0,,,,
Route_2_ST_128,Route 2,635.0,0,0,0,0,,,,
Route_2_ST_129,Route 2,640.0,0,0,0,0,,,,
Route_2_ST_130,Route 2,645.0,0,0,0,0,,,,
Route_2_ST_131,Route 2,650.0,0,0,0,0,,,,
Route_2_ST_132,Route 2,655.0,0,0,0,0,,,,
Route_2_ST_133,Route 2,660.0,0,0,0,0,,,,
Route_2_ST_134,Route 2,665.0,0,0,0,0,,,,
Route_2_ST_135,Route 2,670.0,0,0,0,0,,,,
Route_2_ST_136,Route 2,675.0,0,0,0,0,,,,
Route_2_ST_137,Route 2,680.0,0,0,0,0,,,,
Route_2_ST_138,Route 2,685.0,0,0,0,0,,,,
Route_2_ST_139,Route 2,690.0,0,0,0,0,,,,
Route_2_ST_140,Route 2,695.0,0,0,0,0,,,,
Route_2_ST_141,Route 2,700.0,0,0,0,0,,,,
Route_2_ST_142,Route 2,705.0,0,0,0,0,,,,
Route_2_ST_143,Route 2,710.0,0,0,0,0,,,,
Route_2_ST_144,Route 2,715.0,0,0,0,0,,,,
Route_2_ST_145,Route 2,720.0,0,0,0,0,,,,
Route_2_ST_146,Route 2,725.0,0,0,0,0,,,,
Route_2_ST_147,Route 2,730.0,0,0,0,0,,,,
Route_2_ST_148,Route 2,735.0,0,0,0,0,,,,
Route_2_ST_149,Route 2,740.0,0,0,0,0,,,,
Route_2_ST_150,Route 2,745.0,0,0,0,0,,,,
Route_2_ST_151,Route 2,750.0,0,0,0,0,,,,
Route_2_ST_152,Route 2,755.0,0,0,0,0,,,,
Route_2_ST_153,Route 2,760.0,0,0,0,0,,,,
Route_2_ST_154,Route 2,765.0,3,2,0,0,656.86,0.6569,Kidzonia International Perschool,
Route_2_ST_155,Route 2,770.0,0,0,0,0,,,,
Route_2_ST_156,Route 2,775.0,1,0,0,0,950.62,0.9506,Zilla Parishath Primary School,
Route_2_ST_157,Route 2,780.0,0,0,0,0,,,,
Route_2_ST_158,Route 2,785.0,4,1,0,0,393.79,0.3938,St. Francis womens college,
Route_2_END,Route 2,789.90222,4,1,0,0,393.79,0.3938,St. Francis womens college,
Route_3_ST_001,Route 3,0.0,36,16,1,0,348.72,0.3487,Elphinstone Road Municipal School,school
Route_3_ST_002,Route 3,5.0,13,6,3,0,363.02,0.363,Madrasa,school
Route_3_ST_003,Route 3,10.0,8,4,1,1,402.9,0.4029,Mumbai University,university
Route_3_ST_004,Route 3,15.0,19,10,1,0,14.95,0.0149,Swami Muktanand High School,school
Route_3_ST_005,Route 3,20.0,0,0,0,0,,,,
Route_3_ST_006,Route 3,25.0,1,1,0,0,937.28,0.9373,NMMC School - Vashi Gaon,school
Route_3_ST_007,Route 3,30.0,29,11,9,1,204.73,0.2047,M.G.M College,college
Route_3_ST_008,Route 3,35.0,12,3,1,1,694.57,0.6946,D.Y. Patil School & Jr. College,school
Route_3_ST_009,Route 3,40.0,0,0,0,0,,,,
Route_3_ST_010,Route 3,45.0,10,2,3,0,423.86,0.4239,Government College Of Education Panvel,college
Route_3_ST_011,Route 3,50.0,0,0,0,0,,,,
Route_3_ST_012,Route 3,55.0,0,0,0,0,,,,
Route_3_ST_013,Route 3,60.0,0,0,0,0,,,,
Route_3_ST_014,Route 3,65.0,0,0,0,0,,,,
Route_3_ST_015,Route 3,70.0,0,0,0,0,,,,
Route_3_ST_016,Route 3,75.0,0,0,0,0,,,,
Route_3_ST_017,Route 3,80.0,0,0,0,0,,,,
Route_3_ST_018,Route 3,85.0,0,0,0,0,,,,
Route_3_ST_019,Route 3,90.0,0,0,0,0,,,,
Route_3_ST_020,Route 3,95.0,0,0,0,0,,,,
Route_3_ST_021,Route 3,100.0,0,0,0,0,,,,
Route_3_ST_022,Route 3,105.0,0,0,0,0,,,,
Route_3_ST_023,Route 3,110.0,0,0,0,0,,,,
Route_3_ST_024,Route 3,115.0,0,0,0,0,,,,
Route_3_ST_025,Route 3,120.0,2,1,0,0,937.15,0.9371,,school
Route_3_ST_026,Route 3,125.0,0,0,0,0,,,,
Route_3_ST_027,Route 3,130.0,0,0,0,0,,,,
Route_3_ST_028,Route 3,135.0,15,2,4,0,0.0,0.0,Indira Group of Institute (IGI),college
Route_3_ST_029,Route 3,140.0,4,0,2,0,874.39,0.8744,MITCON,college
Route_3_ST_030,Route 3,145.0,0,0,0,0,,,,
Route_3_ST_031,Route 3,150.0,0,0,0,0,,,,
Route_3_ST_032,Route 3,155.0,1,1,0,0,942.75,0.9427,Sanas Vidyalaya,school
Route_3_ST_033,Route 3,160.0,3,1,0,0,630.96,0.631,Shri Chakradhar Swami School,school
Route_3_ST_034,Route 3,165.0,0,0,0,0,,,,
Route_3_ST_035,Route 3,170.0,0,0,0,0,,,,
Route_3_ST_036,Route 3,175.0,0,0,0,0,,,,
Route_3_ST_037,Route 3,180.0,0,0,0,0,,,,
Route_3_ST_038,Route 3,185.0,0,0,0,0,,,,
Route_3_ST_039,Route 3,190.0,0,0,0,0,,,,
Route_3_ST_040,Route 3,195.0,0,0,0,0,,,,
Route_3_ST_041,Route 3,200.0,0,0,0,0,,,,
Route_3_ST_042,Route 3,205.0,0,0,0,0,,,,
Route_3_ST_043,Route 3,210.0,0,0,0,0,,,,
Route_3_ST_044,Route 3,215.0,0,0,0,0,,,,
Route_3_ST_045,Route 3,220.0,1,1,0,0,561.88,0.5619,SMVM_School_ground,school
Route_3_ST_046,Route 3,225.0,0,0,0,0,,,,
Route_3_ST_047,Route 3,230.0,0,0,0,0,,,,
Route_3_ST_048,Route 3,235.0,0,0,0,0,,,,
Route_3_ST_049,Route 3,240.0,0,0,0,0,,,,
Route_3_ST_050,Route 3,245.0,0,0,0,0,,,,
Route_3_ST_051,Route 3,250.0,0,0,0,0,,,,
Route_3_ST_052,Route 3,255.0,0,0,0,0,,,,
Route_3_ST_053,Route 3,260.0,0,0,0,0,,,,
Route_3_ST_054,Route 3,265.0,0,0,0,0,,,,
Route_3_ST_055,Route 3,270.0,0,0,0,0,,,,
Route_3_ST_056,Route 3,275.0,0,0,0,0,,,,
Route_3_ST_057,Route 3,280.0,0,0,0,0,,,,
Route_3_ST_058,Route 3,285.0,0,0,0,0,,,,
Route_3_ST_059,Route 3,290.0,0,0,0,0,,,,
Route_3_ST_060,Route 3,295.0,0,0,0,0,,,,
Route_3_ST_061,Route 3,300.0,0,0,0,0,,,,
Route_3_ST_062,Route 3,305.0,0,0,0,0,,,,
Route_3_ST_063,Route 3,310.0,0,0,0,0,,,,
Route_3_ST_064,Route 3,315.0,0,0,0,0,,,,
Route_3_ST_065,Route 3,320.0,0,0,0,0,,,,
Route_3_ST_066,Route 3,325.0,0,0,0,0,,,,
Route_3_ST_067,Route 3,330.0,0,0,0,0,,,,
Route_3_ST_068,Route 3,335.0,0,0,0,0,,,,
Route_3_ST_069,Route 3,340.0,0,0,0,0,,,,
Route_3_ST_070,Route 3,345.0,0,0,0,0,,,,
Route_3_ST_071,Route 3,350.0,0,0,0,0,,,,
Route_3_ST_072,Route 3,355.0,0,0,0,0,,,,
Route_3_ST_073,Route 3,360.0,0,0,0,0,,,,
Route_3_ST_074,Route 3,365.0,0,0,0,0,,,,
Route_3_ST_075,Route 3,370.0,0,0,0,0,,,,
Route_3_ST_076,Route 3,375.0,0,0,0,0,,,,
Route_3_ST_077,Route 3,380.0,0,0,0,0,,,,
Route_3_ST_078,Route 3,385.0,0,0,0,0,,,,
Route_3_ST_079,Route 3,390.0,0,0,0,0,,,,
Route_3_ST_080,Route 3,395.0,0,0,0,0,,,,
Route_3_ST_081,Route 3,400.0,0,0,0,0,,,,
Route_3_ST_082,Route 3,405.0,0,0,0,0,,,,
Route_3_ST_083,Route 3,410.0,0,0,0,0,,,,
Route_3_ST_084,Route 3,415.0,0,0,0,0,,,,
Route_3_ST_085,Route 3,420.0,6,2,3,1,552.39,0.5524,Annasaheb Patil Prashala,university
Route_3_ST_086,Route 3,425.0,1,0,1,0,599.67,0.5997,PSPM Mahila Homeopathy College,college
Route_3_ST_087,Route 3,430.0,0,0,0,0,,,,
Route_3_ST_088,Route 3,435.0,0,0,0,0,,,,
Route_3_ST_089,Route 3,440.0,0,0,0,0,,,,
Route_3_ST_090,Route 3,445.0,0,0,0,0,,,,
Route_3_ST_091,Route 3,450.0,0,0,0,0,,,,
Route_3_ST_092,Route 3,455.0,0,0,0,0,,,,
Route_3_ST_093,Route 3,460.0,0,0,0,0,,,,
Route_3_ST_094,Route 3,465.0,0,0,0,0,,,,
Route_3_ST_095,Route 3,470.0,0,0,0,0,,,,
Route_3_ST_096,Route 3,475.0,0,0,0,0,,,,
Route_3_ST_097,Route 3,480.0,0,0,0,0,,,,
Route_3_ST_098,Route 3,485.0,0,0,0,0,,,,
Route_3_ST_099,Route 3,490.0,0,0,0,0,,,,
Route_3_ST_100,Route 3,495.0,0,0,0,0,,,,
Route_3_ST_101,Route 3,500.0,0,0,0,0,,,,
Route_3_ST_102,Route 3,505.0,0,0,0,0,,,,
Route_3_ST_103,Route 3,510.0,0,0,0,0,,,,
Route_3_ST_104,Route 3,515.0,0,0,0,0,,,,
Route_3_ST_105,Route 3,520.0,0,0,0,0,,,,
Route_3_ST_106,Route 3,525.0,0,0,0,0,,,,
Route_3_ST_107,Route 3,530.0,0,0,0,0,,,,
Route_3_ST_108,Route 3,535.0,0,0,0,0,,,,
Route_3_ST_109,Route 3,540.0,0,0,0,0,,,,
Route_3_ST_110,Route 3,545.0,0,0,0,0,,,,
Route_3_ST_111,Route 3,550.0,0,0,0,0,,,,
Route_3_ST_112,Route 3,555.0,0,0,0,0,,,,
Route_3_ST_113,Route 3,560.0,0,0,0,0,,,,
Route_3_ST_114,Route 3,565.0,0,0,0,0,,,,
Route_3_ST_115,Route 3,570.0,0,0,0,0,,,,
Route_3_ST_116,Route 3,575.0,0,0,0,0,,,,
Route_3_ST_117,Route 3,580.0,0,0,0,0,,,,
Route_3_ST_118,Route 3,585.0,0,0,0,0,,,,
Route_3_ST_119,Route 3,590.0,0,0,0,0,,,,
Route_3_ST_120,Route 3,595.0,0,0,0,0,,,,
Route_3_ST_121,Route 3,600.0,0,0,0,0,,,,
Route_3_ST_122,Route 3,605.0,0,0,0,0,,,,
Route_3_ST_123,Route 3,610.0,0,0,0,0,,,,
Route_3_ST_124,Route 3,615.0,0,0,0,0,,,,
Route_3_ST_125,Route 3,620.0,0,0,0,0,,,,
Route_3_ST_126,Route 3,625.0,0,0,0,0,,,,
Route_3_ST_127,Route 3,630.0,0,0,0,0,,,,
Route_3_ST_128,Route 3,635.0,0,0,0,0,,,,
Route_3_ST_129,Route 3,640.0,0,0,0,0,,,,
Route_3_ST_130,Route 3,645.0,1,0,0,0,652.3,0.6523,Mate Mainkeshwari PU College,
Route_3_ST_131,Route 3,650.0,0,0,0,0,,,,
Route_3_ST_132,Route 3,655.0,0,0,0,0,,,,
Route_3_ST_133,Route 3,660.0,0,0,0,0,,,,
Route_3_ST_134,Route 3,665.0,0,0,0,0,,,,
Route_3_ST_135,Route 3,670.0,0,0,0,0,,,,
Route_3_ST_136,Route 3,675.0,0,0,0,0,,,,
Route_3_ST_137,Route 3,680.0,0,0,0,0,,,,
Route_3_ST_138,Route 3,685.0,0,0,0,0,,,,
Route_3_ST_139,Route 3,690.0,0,0,0,0,,,,
Route_3_ST_140,Route 3,695.0,0,0,0,0,,,,
Route_3_ST_141,Route 3,700.0,0,0,0,0,,,,
Route_3_ST_142,Route 3,705.0,0,0,0,0,,,,
Route_3_ST_143,Route 3,710.0,0,0,0,0,,,,
Route_3_ST_144,Route 3,715.0,0,0,0,0,,,,
Route_3_ST_145,Route 3,720.0,0,0,0,0,,,,
Route_3_ST_146,Route 3,725.0,0,0,0,0,,,,
Route_3_ST_147,Route 3,730.0,0,0,0,0,,,,
Route_3_ST_148,Route 3,735.0,0,0,0,0,,,,
Route_3_ST_149,Route 3,740.0,0,0,0,0,,,,
Route_3_ST_150,Route 3,745.0,0,0,0,0,,,,
Route_3_ST_151,Route 3,750.0,0,0,0,0,,,,
Route_3_ST_152,Route 3,755.0,0,0,0,0,,,,
Route_3_ST_153,Route 3,760.0,0,0,0,0,,,,
Route_3_ST_154,Route 3,765.0,0,0,0,0,,,,
Route_3_ST_155,Route 3,770.0,0,0,0,0,,,,
Route_3_ST_156,Route 3,775.0,0,0,0,0,,,,
Route_3_ST_157,Route 3,780.0,75,0,0,0,593.84,0.5938,,
Route_3_ST_158,Route 3,785.0,6,2,0,0,140.84,0.1408,,school
Route_3_ST_159,Route 3,790.0,1,0,1,0,677.24,0.6772,Chaitanya Junior College,college
Route_3_ST_160,Route 3,795.0,0,0,0,0,,,,
Route_3_END,Route 3,799.26005,0,0,0,0,,,,
