candidate_id,route,candidate_type,chainage_m,chainage_km,distance_from_end_km,latitude,longitude,highways_within_500m,highways_within_1km,highways_within_5km,nearest_highway_distance_m,nearest_highway_distance_km,nearest_highway,nearest_highway_type,nearest_highway_state,highway_within_500m,highway_within_1km,highway_within_5km,education_within_1km,schools_within_1km,colleges_within_1km,universities_within_1km,nearest_education_distance_m,nearest_education_distance_km,nearest_education_name,nearest_education_type
Route_1_ST_001,Route 1,Station Candidate,0.0,0.0,788.785,19.008209,72.836921,1,1,12,100.76,0.1008,Bandra-Worli Sea Link,Other Major Road,Maharashtra,True,True,True,26,12,1,0,161.63,0.1616,Elphinstone Road Municipal School,school
Route_1_ST_002,Route 1,Station Candidate,5000.0,5.0,783.785,19.045917,72.86296,0,0,7,1981.39,1.9814,Western Expressway,Other Major Road,Maharashtra,False,False,True,11,5,3,0,55.76,0.0558,Shikshan Sadhana Mandal's Sadhana Vidyalaya,
Route_1_ST_003,Route 1,Station Candidate,10000.0,10.0,778.785,19.077997,72.895672,0,0,2,1465.23,1.4652,Eastern Expressway,Other Major Road,Maharashtra,False,False,True,9,1,1,1,455.12,0.4551,KJ SOMAIYA COLLEGE,
Route_1_ST_004,Route 1,Station Candidate,15000.0,15.0,773.785,19.109338,72.928023,1,1,1,434.5,0.4345,Eastern Expressway,Other Major Road,Maharashtra,True,True,True,4,3,0,0,88.37,0.0884,St. Josephs High School,school
Route_1_ST_005,Route 1,Station Candidate,20000.0,20.0,768.785,19.149981,72.943352,0,1,5,965.13,0.9651,Eastern Expressway,Other Major Road,Maharashtra,False,True,True,5,3,0,0,327.66,0.3277,G.S Shetty International Schol,
Route_1_ST_006,Route 1,Station Candidate,25000.0,25.0,763.785,19.185072,72.971707,0,1,15,687.98,0.688,Mulund-Airoli Road,Other Major Road,Maharashtra,False,True,True,18,7,1,1,269.71,0.2697,Bharat Highschool,
Route_1_ST_007,Route 1,Station Candidate,30000.0,30.0,758.785,19.170662,72.998771,0,0,12,1671.42,1.6714,Airoli-Katai Naka Freeway,State Expressway,Maharashtra,False,False,True,0,0,0,0,,,,
Route_1_ST_008,Route 1,Station Candidate,35000.0,35.0,753.785,19.126205,73.004213,1,1,10,40.16,0.0402,Airoli-Shilpata Road,Other Major Road,Maharashtra,True,True,True,2,1,0,0,868.79,0.8688,Smt. Indira Gandhi College of Engineering,school
Route_1_ST_009,Route 1,Station Candidate,40000.0,40.0,748.785,19.083453,73.016595,0,0,1,3310.3,3.3103,Airoli-Shilpata Road,Other Major Road,Maharashtra,False,False,True,1,0,1,0,504.23,0.5042,Navi Mumbai Jr. College,college
Route_1_ST_010,Route 1,Station Candidate,45000.0,45.0,743.785,19.038491,73.018667,0,0,3,1285.51,1.2855,NH-348A,National Highway,Maharashtra,False,False,True,33,10,12,1,184.69,0.1847,St. Augustines High School,school
Route_1_ST_011,Route 1,Station Candidate,50000.0,50.0,738.785,19.021854,73.044273,1,1,3,136.94,0.1369,Sion-Panvel Expressway,Other Major Road,Maharashtra,True,True,True,7,3,0,1,395.6,0.3956,D.Y. Patil School & Jr. College,school
Route_1_ST_012,Route 1,Station Candidate,55000.0,55.0,733.785,19.013816,73.083455,0,0,10,1808.25,1.8083,Sion-Panvel Expressway,Other Major Road,Maharashtra,False,False,True,0,0,0,0,,,,
Route_1_ST_013,Route 1,Station Candidate,60000.0,60.0,728.785,18.989958,73.122428,0,1,19,700.02,0.7,NH-48,National Highway,Maharashtra,False,True,True,9,1,3,0,498.01,0.498,Government College Of Education Panvel,college
Route_1_ST_014,Route 1,Station Candidate,65000.0,65.0,723.785,18.971437,73.163935,0,1,14,603.29,0.6033,Mumbai-Pune Expressway,State Expressway,Maharashtra,False,True,True,0,0,0,0,,,,
Route_1_ST_015,Route 1,Station Candidate,70000.0,70.0,718.785,18.940514,73.195922,0,1,4,723.76,0.7238,NH-48,National Highway,Maharashtra,False,True,True,0,0,0,0,,,,
Route_1_ST_016,Route 1,Station Candidate,75000.0,75.0,713.785,18.904195,73.219097,1,1,2,287.59,0.2876,NH-48,National Highway,Maharashtra,True,True,True,0,0,0,0,,,,
Route_1_ST_017,Route 1,Station Candidate,80000.0,80.0,708.785,18.907308,73.264711,0,0,2,1708.14,1.7081,NH-48,National Highway,Maharashtra,False,False,True,0,0,0,0,,,,
Route_1_ST_018,Route 1,Station Candidate,85000.0,85.0,703.785,18.924271,73.307925,0,1,3,990.02,0.99,NH-548A,National Highway,Maharashtra,False,True,True,0,0,0,0,,,,
Route_1_ST_019,Route 1,Station Candidate,90000.0,90.0,698.785,18.893618,73.321605,0,1,3,989.82,0.9898,NH-548A,National Highway,Maharashtra,False,True,True,0,0,0,0,,,,
Route_1_ST_020,Route 1,Station Candidate,95000.0,95.0,693.785,18.861648,73.348481,0,0,1,3152.19,3.1522,NH-548A,National Highway,Maharashtra,False,False,True,0,0,0,0,,,,
Route_1_ST_021,Route 1,Station Candidate,100000.0,100.0,688.785,18.833331,73.373867,0,0,0,,,,,,False,False,False,0,0,0,0,,,,
Route_1_ST_022,Route 1,Station Candidate,105000.0,105.0,683.785,18.789623,73.369274,0,0,11,1915.28,1.9153,NH-48,National Highway,Maharashtra,False,False,True,0,0,0,0,,,,
Route_1_ST_023,Route 1,Station Candidate,110000.0,110.0,678.785,18.759159,73.390874,1,2,11,65.39,0.0654,NH-48,National Highway,Maharashtra,True,True,True,0,0,0,0,,,,
Route_1_ST_024,Route 1,Station Candidate,115000.0,115.0,673.785,18.743676,73.434619,1,1,4,485.84,0.4858,Mumbai-Pune Expressway,State Expressway,Maharashtra,True,True,True,0,0,0,0,,,,
Route_1_ST_025,Route 1,Station Candidate,120000.0,120.0,668.785,18.744456,73.481368,1,1,2,109.23,0.1092,Mumbai-Pune Expressway,State Expressway,Maharashtra,True,True,True,0,0,0,0,,,,
Route_1_ST_026,Route 1,Station Candidate,125000.0,125.0,663.785,18.75663,73.526295,1,2,2,71.37,0.0714,NH-48,National Highway,Maharashtra,True,True,True,0,0,0,0,,,,
Route_1_ST_027,Route 1,Station Candidate,130000.0,130.0,658.785,18.761705,73.569409,1,1,2,229.98,0.23,NH-48,National Highway,Maharashtra,True,True,True,0,0,0,0,,,,
Route_1_ST_028,Route 1,Station Candidate,135000.0,135.0,653.785,18.755187,73.615163,1,1,2,489.19,0.4892,NH-48,National Highway,Maharashtra,True,True,True,0,0,0,0,,,,
Route_1_ST_029,Route 1,Station Candidate,140000.0,140.0,648.785,18.739812,73.658092,0,1,4,970.97,0.971,NH-548D,National Highway,Maharashtra,False,True,True,2,2,0,0,536.58,0.5366,Mount St. Ann High School,school
Route_1_ST_030,Route 1,Station Candidate,145000.0,145.0,643.785,18.718796,73.69731,0,0,5,1809.69,1.8097,NH-548D,National Highway,Maharashtra,False,False,True,0,0,0,0,,,,
Route_1_ST_031,Route 1,Station Candidate,150000.0,150.0,638.785,18.689401,73.726664,0,2,4,695.53,0.6955,NH-48,National Highway,Maharashtra,False,True,True,0,0,0,0,,,,
Route_1_ST_032,Route 1,Station Candidate,155000.0,155.0,633.785,18.656943,73.757139,0,0,3,2483.36,2.4834,NH-48,National Highway,Maharashtra,False,False,True,10,1,1,0,321.22,0.3212,Saint Mary School,
Route_1_ST_033,Route 1,Station Candidate,160000.0,160.0,628.785,18.635369,73.793456,0,0,2,3951.59,3.9516,NH-60,National Highway,Maharashtra,False,False,True,4,0,1,0,444.66,0.4447,ATSS College,college
Route_1_ST_034,Route 1,Station Candidate,165000.0,165.0,623.785,18.602155,73.824192,1,2,2,181.86,0.1819,NH-60,National Highway,Maharashtra,True,True,True,1,0,1,0,311.06,0.3111,College of Military Engineering,college
Route_1_ST_035,Route 1,Station Candidate,170000.0,170.0,618.785,18.560667,73.842584,1,1,8,46.24,0.0462,NH-60,National Highway,Maharashtra,True,True,True,1,1,0,0,369.45,0.3695,All Saints' High School,school
Route_1_ST_036,Route 1,Station Candidate,175000.0,175.0,613.785,18.528807,73.866244,0,0,11,1022.38,1.0224,NH-965,National Highway,Maharashtra,False,False,True,12,5,4,0,153.54,0.1535,AISSMS,college
Route_1_ST_037,Route 1,Station Candidate,180000.0,180.0,608.785,18.515665,73.906006,0,0,7,1005.8,1.0058,NH-65,National Highway,Maharashtra,False,False,True,1,1,0,0,393.14,0.3931,Dobarwadi Municipal School,school
Route_1_ST_038,Route 1,Station Candidate,185000.0,185.0,603.785,18.483687,73.939254,0,0,5,1343.11,1.3431,NH-965,National Highway,Maharashtra,False,False,True,0,0,0,0,,,,
Route_1_ST_039,Route 1,Station Candidate,190000.0,190.0,598.785,18.463932,73.981148,0,0,5,1729.32,1.7293,NH-965,National Highway,Maharashtra,False,False,True,1,0,0,0,686.12,0.6861,Sri Sai English medium School,
Route_1_ST_040,Route 1,Station Candidate,195000.0,195.0,593.785,18.455296,74.027186,0,0,2,3726.19,3.7262,NH-65,National Highway,Maharashtra,False,False,True,0,0,0,0,,,,
Route_1_ST_041,Route 1,Station Candidate,200000.0,200.0,588.785,18.464456,74.073016,0,0,1,2650.06,2.6501,NH-65,National Highway,Maharashtra,False,False,True,0,0,0,0,,,,
Route_1_ST_042,Route 1,Station Candidate,205000.0,205.0,583.785,18.442112,74.105126,0,0,0,,,,,,False,False,False,0,0,0,0,,,,
Route_1_ST_043,Route 1,Station Candidate,210000.0,210.0,578.785,18.413165,74.125102,0,0,0,,,,,,False,False,False,0,0,0,0,,,,
Route_1_ST_044,Route 1,Station Candidate,215000.0,215.0,573.785,18.370143,74.130094,0,0,0,,,,,,False,False,False,0,0,0,0,,,,
Route_1_ST_045,Route 1,Station Candidate,220000.0,220.0,568.785,18.329737,74.147159,0,0,1,4865.49,4.8655,NH-965,National Highway,Maharashtra,False,False,True,0,0,0,0,,,,
Route_1_ST_046,Route 1,Station Candidate,225000.0,225.0,563.785,18.290862,74.167692,0,0,1,1565.47,1.5655,NH-965,National Highway,Maharashtra,False,False,True,0,0,0,0,,,,
Route_1_ST_047,Route 1,Station Candidate,230000.0,230.0,558.785,18.276032,74.210404,0,0,1,4261.25,4.2612,NH-965,National Highway,Maharashtra,False,False,True,0,0,0,0,,,,
Route_1_ST_048,Route 1,Station Candidate,235000.0,235.0,553.785,18.278528,74.257259,0,0,0,,,,,,False,False,False,0,0,0,0,,,,
Route_1_ST_049,Route 1,Station Candidate,240000.0,240.0,548.785,18.276094,74.303585,0,0,1,1460.9,1.4609,NH-965D,National Highway,Maharashtra,False,False,True,0,0,0,0,,,,
Route_1_ST_050,Route 1,Station Candidate,245000.0,245.0,543.785,18.253373,74.34068,0,0,1,3195.09,3.1951,NH-965D,National Highway,Maharashtra,False,False,True,1,1,0,0,932.45,0.9325,Z.P school Tardoli,school
Route_1_ST_051,Route 1,Station Candidate,250000.0,250.0,538.785,18.235967,74.384311,0,0,0,,,,,,False,False,False,0,0,0,0,,,,
Route_1_ST_052,Route 1,Station Candidate,255000.0,255.0,533.785,18.219535,74.428364,0,0,0,,,,,,False,False,False,0,0,0,0,,,,
Route_1_ST_053,Route 1,Station Candidate,260000.0,260.0,528.785,18.203093,74.472408,0,0,0,,,,,,False,False,False,0,0,0,0,,,,
Route_1_ST_054,Route 1,Station Candidate,265000.0,265.0,523.785,18.192091,74.517549,0,0,1,2966.84,2.9668,NH-160,National Highway,Maharashtra,False,False,True,0,0,0,0,,,,
Route_1_ST_055,Route 1,Station Candidate,270000.0,270.0,518.785,18.163383,74.553785,0,0,3,1333.07,1.3331,NH-160,National Highway,Maharashtra,False,False,True,0,0,0,0,,,,
Route_1_ST_056,Route 1,Station Candidate,275000.0,275.0,513.785,18.146419,74.586404,0,0,4,1919.05,1.919,NH-160,National Highway,Maharashtra,False,False,True,0,0,0,0,,,,
Route_1_ST_057,Route 1,Station Candidate,280000.0,280.0,508.785,18.129379,74.629073,0,0,2,1135.62,1.1356,NH-965G,National Highway,Maharashtra,False,False,True,0,0,0,0,,,,
Route_1_ST_058,Route 1,Station Candidate,285000.0,285.0,503.785,18.118139,74.674515,1,1,2,39.14,0.0391,NH-965G,National Highway,Maharashtra,True,True,True,0,0,0,0,,,,
Route_1_ST_059,Route 1,Station Candidate,290000.0,290.0,498.785,18.106645,74.719593,1,1,1,48.8,0.0488,NH-965G,National Highway,Maharashtra,True,True,True,0,0,0,0,,,,
Route_1_ST_060,Route 1,Station Candidate,295000.0,295.0,493.785,18.088309,74.762755,1,1,1,17.93,0.0179,NH-965G,National Highway,Maharashtra,True,True,True,0,0,0,0,,,,
Route_1_ST_061,Route 1,Station Candidate,300000.0,300.0,488.785,18.081474,74.809087,1,1,1,11.67,0.0117,NH-965G,National Highway,Maharashtra,True,True,True,0,0,0,0,,,,
Route_1_ST_062,Route 1,Station Candidate,305000.0,305.0,483.785,18.076876,74.856067,1,1,1,3.98,0.004,NH-965G,National Highway,Maharashtra,True,True,True,0,0,0,0,,,,
Route_1_ST_063,Route 1,Station Candidate,310000.0,310.0,478.785,18.080248,74.901863,1,1,1,15.79,0.0158,NH-965G,National Highway,Maharashtra,True,True,True,0,0,0,0,,,,
Route_1_ST_064,Route 1,Station Candidate,315000.0,315.0,473.785,18.089745,74.946776,1,1,1,35.68,0.0357,NH-965G,National Highway,Maharashtra,True,True,True,0,0,0,0,,,,
Route_1_ST_065,Route 1,Station Candidate,320000.0,320.0,468.785,18.099467,74.992393,1,1,6,33.45,0.0335,NH-965G,National Highway,Maharashtra,True,True,True,0,0,0,0,,,,
Route_1_ST_066,Route 1,Station Candidate,325000.0,325.0,463.785,18.084519,75.005285,1,1,6,16.84,0.0168,NH-965G,National Highway,Maharashtra,True,True,True,0,0,0,0,,,,
Route_1_ST_067,Route 1,Station Candidate,330000.0,330.0,458.785,18.043672,74.99003,1,1,1,15.59,0.0156,NH-965G,National Highway,Maharashtra,True,True,True,0,0,0,0,,,,
Route_1_ST_068,Route 1,Station Candidate,335000.0,335.0,453.785,17.998525,74.991937,1,1,2,89.43,0.0894,NH-965G,National Highway,Maharashtra,True,True,True,0,0,0,0,,,,
Route_1_ST_069,Route 1,Station Candidate,340000.0,340.0,448.785,17.955312,75.003115,2,2,4,37.22,0.0372,NH-965G,National Highway,Maharashtra,True,True,True,0,0,0,0,,,,
Route_1_ST_070,Route 1,Station Candidate,345000.0,345.0,443.785,17.911353,75.012318,0,2,7,606.36,0.6064,NH-965G,National Highway,Maharashtra,False,True,True,0,0,0,0,,,,
Route_1_ST_071,Route 1,Station Candidate,350000.0,350.0,438.785,17.868941,75.028537,1,1,6,469.88,0.4699,NH-965G,National Highway,Maharashtra,True,True,True,1,1,0,0,800.73,0.8007,Shankarrao Mohite Mahavidyalaya,school
Route_1_ST_072,Route 1,Station Candidate,355000.0,355.0,433.785,17.826969,75.045069,1,1,4,13.18,0.0132,NH-965G,National Highway,Maharashtra,True,True,True,0,0,0,0,,,,
Route_1_ST_073,Route 1,Station Candidate,360000.0,360.0,428.785,17.790365,75.065465,1,1,4,46.93,0.0469,NH-965,National Highway,Maharashtra,True,True,True,0,0,0,0,,,,
Route_1_ST_074,Route 1,Station Candidate,365000.0,365.0,423.785,17.775769,75.109247,1,1,2,8.82,0.0088,NH-965,National Highway,Maharashtra,True,True,True,0,0,0,0,,,,
Route_1_ST_075,Route 1,Station Candidate,370000.0,370.0,418.785,17.750088,75.145927,1,1,2,42.63,0.0426,NH-965,National Highway,Maharashtra,True,True,True,0,0,0,0,,,,
Route_1_ST_076,Route 1,Station Candidate,375000.0,375.0,413.785,17.721036,75.181405,1,1,2,6.23,0.0062,NH-965,National Highway,Maharashtra,True,True,True,0,0,0,0,,,,
Route_1_ST_077,Route 1,Station Candidate,380000.0,380.0,408.785,17.706931,75.226026,1,1,4,15.17,0.0152,NH-965,National Highway,Maharashtra,True,True,True,0,0,0,0,,,,
Route_1_ST_078,Route 1,Station Candidate,385000.0,385.0,403.785,17.692374,75.270429,1,5,5,493.29,0.4933,NH-548E,National Highway,Maharashtra,True,True,True,0,0,0,0,,,,
Route_1_ST_079,Route 1,Station Candidate,390000.0,390.0,398.785,17.680829,75.314882,1,1,15,11.84,0.0118,NH-965,National Highway,Maharashtra,True,True,True,0,0,0,0,,,,
Route_1_ST_080,Route 1,Station Candidate,395000.0,395.0,393.785,17.693627,75.35761,1,6,15,459.18,0.4592,NH-965C,National Highway,Maharashtra,True,True,True,0,0,0,0,,,,
Route_1_ST_081,Route 1,Station Candidate,400000.0,400.0,388.785,17.721193,75.394621,1,1,3,0.37,0.0004,NH-965,National Highway,Maharashtra,True,True,True,0,0,0,0,,,,
Route_1_ST_082,Route 1,Station Candidate,405000.0,405.0,383.785,17.743354,75.435046,1,1,1,24.47,0.0245,NH-965,National Highway,Maharashtra,True,True,True,0,0,0,0,,,,
Route_1_ST_083,Route 1,Station Candidate,410000.0,410.0,378.785,17.763395,75.476066,1,1,1,50.67,0.0507,NH-965,National Highway,Maharashtra,True,True,True,0,0,0,0,,,,
Route_1_ST_084,Route 1,Station Candidate,415000.0,415.0,373.785,17.776235,75.519166,1,1,1,45.45,0.0455,NH-965,National Highway,Maharashtra,True,True,True,0,0,0,0,,,,
Route_1_ST_085,Route 1,Station Candidate,420000.0,420.0,368.785,17.795707,75.561624,1,1,1,15.98,0.016,NH-965,National Highway,Maharashtra,True,True,True,0,0,0,0,,,,
Route_1_ST_086,Route 1,Station Candidate,425000.0,425.0,363.785,17.801784,75.606646,1,1,5,6.35,0.0064,NH-965,National Highway,Maharashtra,True,True,True,0,0,0,0,,,,
Route_1_ST_087,Route 1,Station Candidate,430000.0,430.0,358.785,17.802871,75.65117,1,1,5,4.76,0.0048,NH-65,National Highway,Maharashtra,True,True,True,0,0,0,0,,,,
Route_1_ST_088,Route 1,Station Candidate,435000.0,435.0,353.785,17.777648,75.683023,0,0,2,1596.36,1.5964,NH-65,National Highway,Maharashtra,False,False,True,0,0,0,0,,,,
Route_1_ST_089,Route 1,Station Candidate,440000.0,440.0,348.785,17.739598,75.707523,0,0,1,4718.14,4.7181,NH-65,National Highway,Maharashtra,False,False,True,0,0,0,0,,,,
Route_1_ST_090,Route 1,Station Candidate,445000.0,445.0,343.785,17.723387,75.748459,0,0,1,4483.78,4.4838,NH-65,National Highway,Maharashtra,False,False,True,0,0,0,0,,,,
Route_1_ST_091,Route 1,Station Candidate,450000.0,450.0,338.785,17.713688,75.782043,0,0,1,3918.22,3.9182,NH-65,National Highway,Maharashtra,False,False,True,0,0,0,0,,,,
Route_1_ST_092,Route 1,Station Candidate,455000.0,455.0,333.785,17.681075,75.812815,0,0,3,1331.16,1.3312,NH-166,National Highway,Maharashtra,False,False,True,0,0,0,0,,,,
Route_1_ST_093,Route 1,Station Candidate,460000.0,460.0,328.785,17.672478,75.856974,1,1,10,331.78,0.3318,NH-166,National Highway,Maharashtra,True,True,True,0,0,0,0,,,,
Route_1_ST_094,Route 1,Station Candidate,465000.0,465.0,323.785,17.663874,75.893338,0,2,12,641.15,0.6411,NH-166,National Highway,Maharashtra,False,True,True,3,1,1,1,640.72,0.6407,St. Joseph's High School,school
Route_1_ST_095,Route 1,Station Candidate,470000.0,470.0,318.785,17.628845,75.922935,0,0,3,2697.02,2.697,NH-52,National Highway,Maharashtra,False,False,True,1,0,1,0,809.76,0.8098,PSPM Mahila Homeopathy College,college
Route_1_ST_096,Route 1,Station Candidate,475000.0,475.0,313.785,17.595993,75.954864,0,0,0,,,,,,False,False,False,0,0,0,0,,,,
Route_1_ST_097,Route 1,Station Candidate,480000.0,480.0,308.785,17.565568,75.989633,0,0,0,,,,,,False,False,False,0,0,0,0,,,,
Route_1_ST_098,Route 1,Station Candidate,485000.0,485.0,303.785,17.53696,76.026097,0,0,1,2136.6,2.1366,NH-465,National Highway,Maharashtra,False,False,True,0,0,0,0,,,,
Route_1_ST_099,Route 1,Station Candidate,490000.0,490.0,298.785,17.508331,76.062538,0,0,1,2063.03,2.063,NH-465,National Highway,Maharashtra,False,False,True,0,0,0,0,,,,
Route_1_ST_100,Route 1,Station Candidate,495000.0,495.0,293.785,17.479682,76.098955,0,0,0,,,,,,False,False,False,0,0,0,0,,,,
Route_1_ST_101,Route 1,Station Candidate,500000.0,500.0,288.785,17.451565,76.135733,2,2,2,336.92,0.3369,NH-548B,National Highway,Maharashtra,True,True,True,0,0,0,0,,,,
Route_1_ST_102,Route 1,Station Candidate,505000.0,505.0,283.785,17.432765,76.177996,0,0,3,3043.38,3.0434,NH-548B,National Highway,Maharashtra,False,False,True,0,0,0,0,,,,
Route_1_ST_103,Route 1,Station Candidate,510000.0,510.0,278.785,17.407197,76.215932,0,0,3,3416.69,3.4167,Afzalpur Road,National Highway,Karnataka,False,False,True,0,0,0,0,,,,
Route_1_ST_104,Route 1,Station Candidate,515000.0,515.0,273.785,17.393506,76.260536,0,0,3,3082.19,3.0822,Afzalpur Road,National Highway,Karnataka,False,False,True,0,0,0,0,,,,
Route_1_ST_105,Route 1,Station Candidate,520000.0,520.0,268.785,17.383004,76.306308,0,0,2,2308.12,2.3081,NH-150,National Highway,Maharashtra,False,False,True,0,0,0,0,,,,
Route_1_ST_106,Route 1,Station Candidate,525000.0,525.0,263.785,17.37013,76.351186,1,1,2,185.4,0.1854,NH-150,National Highway,Maharashtra,True,True,True,0,0,0,0,,,,
Route_1_ST_107,Route 1,Station Candidate,530000.0,530.0,258.785,17.360822,76.396848,0,1,4,704.69,0.7047,Solapur-Kurnool Corridor,National Highway,Maharashtra,False,True,True,0,0,0,0,,,,
Route_1_ST_108,Route 1,Station Candidate,535000.0,535.0,253.785,17.358577,76.443414,0,0,3,4231.22,4.2312,Solapur-Kurnool Corridor,National Highway,Karnataka,False,False,True,0,0,0,0,,,,
Route_1_ST_109,Route 1,Station Candidate,540000.0,540.0,248.785,17.351241,76.488449,0,0,0,,,,,,False,False,False,0,0,0,0,,,,
Route_1_ST_110,Route 1,Station Candidate,545000.0,545.0,243.785,17.336546,76.530735,0,0,0,,,,,,False,False,False,0,0,0,0,,,,
Route_1_ST_111,Route 1,Station Candidate,550000.0,550.0,238.785,17.340583,76.57759,0,0,0,,,,,,False,False,False,0,0,0,0,,,,
Route_1_ST_112,Route 1,Station Candidate,555000.0,555.0,233.785,17.34997,76.623181,0,0,0,,,,,,False,False,False,0,0,0,0,,,,
Route_1_ST_113,Route 1,Station Candidate,560000.0,560.0,228.785,17.349025,76.669533,0,0,0,,,,,,False,False,False,0,0,0,0,,,,
Route_1_ST_114,Route 1,Station Candidate,565000.0,565.0,223.785,17.339554,76.712115,0,0,0,,,,,,False,False,False,0,0,0,0,,,,
Route_1_ST_115,Route 1,Station Candidate,570000.0,570.0,218.785,17.342487,76.758008,0,0,1,4148.96,4.149,Kalaburagi Road,National Highway,Karnataka,False,False,True,0,0,0,0,,,,
Route_1_ST_116,Route 1,Station Candidate,575000.0,575.0,213.785,17.326249,76.801343,0,1,3,931.22,0.9312,Kalaburagi Road,National Highway,Karnataka,False,True,True,0,0,0,0,,,,
Route_1_ST_117,Route 1,Station Candidate,580000.0,580.0,208.785,17.30754,76.842798,0,1,5,684.84,0.6848,NH-50,National Highway,Karnataka,False,True,True,1,0,1,0,896.15,0.8962,Poojya Doddappa Appa College,college
Route_1_ST_118,Route 1,Station Candidate,585000.0,585.0,203.785,17.268731,76.864698,0,0,3,1166.92,1.1669,NH-150,National Highway,Karnataka,False,False,True,0,0,0,0,,,,
Route_1_ST_119,Route 1,Station Candidate,590000.0,590.0,198.785,17.234762,76.89433,0,0,1,1438.66,1.4387,NH-150,National Highway,Karnataka,False,False,True,0,0,0,0,,,,
Route_1_ST_120,Route 1,Station Candidate,595000.0,595.0,193.785,17.193266,76.908518,0,0,1,1625.86,1.6259,NH-150,National Highway,Karnataka,False,False,True,0,0,0,0,,,,
Route_1_ST_121,Route 1,Station Candidate,600000.0,600.0,188.785,17.158033,76.931184,0,1,1,994.32,0.9943,NH-150,National Highway,Karnataka,False,True,True,0,0,0,0,,,,
Route_1_ST_122,Route 1,Station Candidate,605000.0,605.0,183.785,17.116373,76.943153,0,0,1,2817.96,2.818,NH-150,National Highway,Karnataka,False,False,True,7,7,0,0,337.76,0.3378,Kudala Sangama Education Society,school
Route_1_ST_123,Route 1,Station Candidate,610000.0,610.0,178.785,17.08734,76.976811,0,0,2,2076.71,2.0767,NH-150,National Highway,Karnataka,False,False,True,0,0,0,0,,,,
Route_1_ST_124,Route 1,Station Candidate,615000.0,615.0,173.785,17.05044,76.991437,0,1,2,904.83,0.9048,NH-150,National Highway,Karnataka,False,True,True,0,0,0,0,,,,
Route_1_ST_125,Route 1,Station Candidate,620000.0,620.0,168.785,17.051699,77.030622,0,0,2,2865.64,2.8656,NH-150,National Highway,Karnataka,False,False,True,0,0,0,0,,,,
Route_1_ST_126,Route 1,Station Candidate,625000.0,625.0,163.785,17.087713,77.057389,0,0,2,3388.73,3.3887,NH-150,National Highway,Karnataka,False,False,True,0,0,0,0,,,,
Route_1_ST_127,Route 1,Station Candidate,630000.0,630.0,158.785,17.119591,77.090667,0,0,0,,,,,,False,False,False,0,0,0,0,,,,
Route_1_ST_128,Route 1,Station Candidate,635000.0,635.0,153.785,17.131715,77.134592,0,0,0,,,,,,False,False,False,0,0,0,0,,,,
Route_1_ST_129,Route 1,Station Candidate,640000.0,640.0,148.785,17.147544,77.177867,0,0,0,,,,,,False,False,False,0,0,0,0,,,,
Route_1_ST_130,Route 1,Station Candidate,645000.0,645.0,143.785,17.1588,77.223056,0,0,0,,,,,,False,False,False,0,0,0,0,,,,
Route_1_ST_131,Route 1,Station Candidate,650000.0,650.0,138.785,17.174677,77.267027,0,0,0,,,,,,False,False,False,0,0,0,0,,,,
Route_1_ST_132,Route 1,Station Candidate,655000.0,655.0,133.785,17.183677,77.312015,0,0,0,,,,,,False,False,False,0,0,0,0,,,,
Route_1_ST_133,Route 1,Station Candidate,660000.0,660.0,128.785,17.190838,77.358073,0,0,0,,,,,,False,False,False,0,0,0,0,,,,
Route_1_ST_134,Route 1,Station Candidate,665000.0,665.0,123.785,17.207129,77.401881,0,0,0,,,,,,False,False,False,0,0,0,0,,,,
Route_1_ST_135,Route 1,Station Candidate,670000.0,670.0,118.785,17.221182,77.446377,0,0,0,,,,,,False,False,False,0,0,0,0,,,,
Route_1_ST_136,Route 1,Station Candidate,675000.0,675.0,113.785,17.228102,77.492648,0,0,0,,,,,,False,False,False,0,0,0,0,,,,
Route_1_ST_137,Route 1,Station Candidate,680000.0,680.0,108.785,17.23987,77.536132,0,0,1,3499.48,3.4995,NH-167N,National Highway,Telangana,False,False,True,0,0,0,0,,,,
Route_1_ST_138,Route 1,Station Candidate,685000.0,685.0,103.785,17.250621,77.581043,0,1,3,989.86,0.9899,NH-167N,National Highway,Telangana,False,True,True,1,0,0,0,624.86,0.6249,Govt. Jr. College,
Route_1_ST_139,Route 1,Station Candidate,690000.0,690.0,98.785,17.253641,77.627372,0,0,3,3723.0,3.723,NH-167N,National Highway,Telangana,False,False,True,0,0,0,0,,,,
Route_1_ST_140,Route 1,Station Candidate,695000.0,695.0,93.785,17.273128,77.669289,0,0,0,,,,,,False,False,False,0,0,0,0,,,,
Route_1_ST_141,Route 1,Station Candidate,700000.0,700.0,88.785,17.291289,77.710514,0,0,0,,,,,,False,False,False,0,0,0,0,,,,
Route_1_ST_142,Route 1,Station Candidate,705000.0,705.0,83.785,17.289304,77.756308,0,0,0,,,,,,False,False,False,0,0,0,0,,,,
Route_1_ST_143,Route 1,Station Candidate,710000.0,710.0,78.785,17.28154,77.801396,0,0,0,,,,,,False,False,False,0,0,0,0,,,,
Route_1_ST_144,Route 1,Station Candidate,715000.0,715.0,73.785,17.28297,77.845577,0,0,0,,,,,,False,False,False,0,0,0,0,,,,
Route_1_ST_145,Route 1,Station Candidate,720000.0,720.0,68.785,17.304211,77.884895,0,0,0,,,,,,False,False,False,0,0,0,0,,,,
Route_1_ST_146,Route 1,Station Candidate,725000.0,725.0,63.785,17.337058,77.910035,0,0,0,,,,,,False,False,False,0,0,0,0,,,,
Route_1_ST_147,Route 1,Station Candidate,730000.0,730.0,58.785,17.372215,77.932985,0,0,0,,,,,,False,False,False,0,0,0,0,,,,
Route_1_ST_148,Route 1,Station Candidate,735000.0,735.0,53.785,17.393972,77.973547,0,0,0,,,,,,False,False,False,0,0,0,0,,,,
Route_1_ST_149,Route 1,Station Candidate,740000.0,740.0,48.785,17.410916,78.015577,0,0,1,2775.79,2.7758,,National Highway,Telangana,False,False,True,0,0,0,0,,,,
Route_1_ST_150,Route 1,Station Candidate,745000.0,745.0,43.785,17.429503,78.057121,0,0,1,2025.9,2.0259,,National Highway,Telangana,False,False,True,0,0,0,0,,,,
Route_1_ST_151,Route 1,Station Candidate,750000.0,750.0,38.785,17.447409,78.098984,0,0,0,,,,,,False,False,False,0,0,0,0,,,,
Route_1_ST_152,Route 1,Station Candidate,755000.0,755.0,33.785,17.446359,78.144308,0,0,0,,,,,,False,False,False,0,0,0,0,,,,
Route_1_ST_153,Route 1,Station Candidate,760000.0,760.0,28.785,17.456658,78.189145,0,0,0,,,,,,False,False,False,0,0,0,0,,,,
Route_1_ST_154,Route 1,Station Candidate,765000.0,765.0,23.785,17.462625,78.235158,0,0,1,1529.37,1.5294,Nehru Outer Ring Road (Hyderabad),State Expressway,Telangana,False,False,True,0,0,0,0,,,,
Route_1_ST_155,Route 1,Station Candidate,770000.0,770.0,18.785,17.475513,78.280072,0,0,2,3408.75,3.4088,Nehru Outer Ring Road (Hyderabad),State Expressway,Telangana,False,False,True,205,1,0,0,326.3,0.3263,,
Route_1_ST_156,Route 1,Station Candidate,775000.0,775.0,13.785,17.486332,78.324428,0,1,4,972.6,0.9726,NH-65,National Highway,Telangana,False,True,True,6,2,0,0,445.82,0.4458,ZPHS school,
Route_1_ST_157,Route 1,Station Candidate,780000.0,780.0,8.785,17.482172,78.368775,0,1,5,842.05,0.8421,Miyapur Road,Other Major Road,Telangana,False,True,True,1,0,1,0,588.85,0.5889,Chaitanya Junior College,college
Route_1_ST_158,Route 1,Station Candidate,785000.0,785.0,3.785,17.459517,78.405867,0,0,2,2560.28,2.5603,NH-65,National Highway,Telangana,False,False,True,1,1,0,0,741.5,0.7415,St.Thomas High School,school
Route_1_END,Route 1,Route End Candidate,788784.95,788.78495,0.0,17.459517,78.405867,0,0,2,2560.28,2.5603,NH-65,National Highway,Telangana,False,False,True,1,1,0,0,741.5,0.7415,St.Thomas High School,school
Route_2_ST_001,Route 2,Station Candidate,0.0,0.0,789.902,19.064823,72.879261,0,0,4,3051.17,3.0512,Eastern Expressway,Other Major Road,Maharashtra,False,False,True,5,3,0,0,547.44,0.5474,st. joseph high school,
Route_2_ST_002,Route 2,Station Candidate,5000.0,5.0,784.902,19.051048,72.921772,0,0,1,1169.1,1.1691,Eastern Expressway,Other Major Road,Maharashtra,False,False,True,6,4,0,0,5.75,0.0058,Kumud Vidyamandir,school
Route_2_ST_003,Route 2,Station Candidate,10000.0,10.0,779.902,19.05943,72.966291,0,0,0,,,,,,False,False,False,0,0,0,0,,,,
Route_2_ST_004,Route 2,Station Candidate,15000.0,15.0,774.902,19.066347,73.011632,0,0,2,4150.31,4.1503,NH-348A,National Highway,Maharashtra,False,False,True,16,10,2,1,245.28,0.2453,Swami Vivekanand Sankul School,school
Route_2_ST_005,Route 2,Station Candidate,20000.0,20.0,769.902,19.025975,73.01635,0,0,3,1206.16,1.2062,NH-348A,National Highway,Maharashtra,False,False,True,14,5,5,0,350.46,0.3505,Terna Engineering College,college
Route_2_ST_006,Route 2,Station Candidate,25000.0,25.0,764.902,19.024609,73.056677,1,1,3,112.64,0.1126,Sion-Panvel Expressway,Other Major Road,Maharashtra,True,True,True,12,0,7,2,192.79,0.1928,Bharathi Vidyapeeth,college
Route_2_ST_007,Route 2,Station Candidate,30000.0,30.0,759.902,19.00776,73.094413,0,1,10,686.6,0.6866,NH-548,National Highway,Maharashtra,False,True,True,0,0,0,0,,,,
Route_2_ST_008,Route 2,Station Candidate,35000.0,35.0,754.902,18.981297,73.131806,1,2,20,453.12,0.4531,NE4,National Highway,Maharashtra,True,True,True,1,0,1,0,917.25,0.9172,Dr. K. M. Vasudevan Pillai's College,college
Route_2_ST_009,Route 2,Station Candidate,40000.0,40.0,749.902,18.963397,73.173969,0,0,14,1131.14,1.1311,NH-48,National Highway,Maharashtra,False,False,True,0,0,0,0,,,,
Route_2_ST_010,Route 2,Station Candidate,45000.0,45.0,744.902,18.928185,73.20058,1,1,2,428.44,0.4284,NH-48,National Highway,Maharashtra,True,True,True,0,0,0,0,,,,
Route_2_ST_011,Route 2,Station Candidate,50000.0,50.0,739.902,18.902998,73.23242,1,1,2,169.47,0.1695,NH-48,National Highway,Maharashtra,True,True,True,0,0,0,0,,,,
Route_2_ST_012,Route 2,Station Candidate,55000.0,55.0,734.902,18.879165,73.26915,1,1,2,69.13,0.0691,NH-48,National Highway,Maharashtra,True,True,True,0,0,0,0,,,,
Route_2_ST_013,Route 2,Station Candidate,60000.0,60.0,729.902,18.837577,73.283874,1,1,9,51.6,0.0516,NH-48,National Highway,Maharashtra,True,True,True,0,0,0,0,,,,
Route_2_ST_014,Route 2,Station Candidate,65000.0,65.0,724.902,18.807637,73.318246,1,3,10,29.64,0.0296,NH-48,National Highway,Maharashtra,True,True,True,0,0,0,0,,,,
Route_2_ST_015,Route 2,Station Candidate,70000.0,70.0,719.902,18.780511,73.355332,1,1,11,278.83,0.2788,NH-48,National Highway,Maharashtra,True,True,True,1,1,0,0,951.9,0.9519,Carmel Convent School,school
Route_2_ST_016,Route 2,Station Candidate,75000.0,75.0,714.902,18.758549,73.392404,1,2,11,39.39,0.0394,NH-48,National Highway,Maharashtra,True,True,True,0,0,0,0,,,,
Route_2_ST_017,Route 2,Station Candidate,80000.0,80.0,709.902,18.74337,73.436264,0,1,4,662.53,0.6625,Mumbai-Pune Expressway,State Expressway,Maharashtra,False,True,True,0,0,0,0,,,,
Route_2_ST_018,Route 2,Station Candidate,85000.0,85.0,704.902,18.744677,73.483017,1,1,2,102.67,0.1027,Mumbai-Pune Expressway,State Expressway,Maharashtra,True,True,True,0,0,0,0,,,,
Route_2_ST_019,Route 2,Station Candidate,90000.0,90.0,699.902,18.757552,73.52782,1,2,2,127.45,0.1275,NH-48,National Highway,Maharashtra,True,True,True,0,0,0,0,,,,
Route_2_ST_020,Route 2,Station Candidate,95000.0,95.0,694.902,18.761596,73.571225,1,1,2,273.61,0.2736,NH-48,National Highway,Maharashtra,True,True,True,0,0,0,0,,,,
Route_2_ST_021,Route 2,Station Candidate,100000.0,100.0,689.902,18.754212,73.61688,1,1,4,414.3,0.4143,NH-48,National Highway,Maharashtra,True,True,True,0,0,0,0,,,,
Route_2_ST_022,Route 2,Station Candidate,105000.0,105.0,684.902,18.739719,73.660142,0,1,4,866.44,0.8664,NH-548D,National Highway,Maharashtra,False,True,True,2,2,0,0,454.72,0.4547,Mount St. Ann High School,school
Route_2_ST_023,Route 2,Station Candidate,110000.0,110.0,679.902,18.716476,73.697769,0,0,5,1801.47,1.8015,NH-48,National Highway,Maharashtra,False,False,True,0,0,0,0,,,,
Route_2_ST_024,Route 2,Station Candidate,115000.0,115.0,674.902,18.687505,73.728488,0,2,4,815.26,0.8153,NH-48,National Highway,Maharashtra,False,True,True,0,0,0,0,,,,
Route_2_ST_025,Route 2,Station Candidate,120000.0,120.0,669.902,18.655343,73.758256,0,0,3,2530.9,2.5309,NH-48,National Highway,Maharashtra,False,False,True,15,2,2,0,150.52,0.1505,Saint Mary School,
Route_2_ST_026,Route 2,Station Candidate,125000.0,125.0,664.902,18.633857,73.794283,0,0,2,3792.83,3.7928,NH-60,National Highway,Maharashtra,False,False,True,4,0,1,0,539.14,0.5391,ATSS College,college
Route_2_ST_027,Route 2,Station Candidate,130000.0,130.0,659.902,18.600504,73.824945,1,2,2,190.72,0.1907,NH-60,National Highway,Maharashtra,True,True,True,1,0,1,0,369.71,0.3697,College of Military Engineering,college
Route_2_ST_028,Route 2,Station Candidate,135000.0,135.0,654.902,18.559351,73.843886,1,1,8,33.85,0.0339,NH-60,National Highway,Maharashtra,True,True,True,1,1,0,0,176.06,0.1761,All Saints' High School,school
Route_2_ST_029,Route 2,Station Candidate,140000.0,140.0,649.902,18.518691,73.856116,1,1,11,14.98,0.015,NH-60,National Highway,Maharashtra,True,True,True,31,21,2,0,246.44,0.2464,N. V. Gadgil Vidyalay,school
Route_2_ST_030,Route 2,Station Candidate,145000.0,145.0,644.902,18.474253,73.856333,1,1,10,8.07,0.0081,NH-65,National Highway,Maharashtra,True,True,True,2,0,0,0,429.36,0.4294,Sitaram Abaji Bibwe School,
Route_2_ST_031,Route 2,Station Candidate,150000.0,150.0,639.902,18.430192,73.857394,1,1,7,11.19,0.0112,NH-60,National Highway,Maharashtra,True,True,True,0,0,0,0,,,,
Route_2_ST_032,Route 2,Station Candidate,155000.0,155.0,634.902,18.391028,73.856237,3,3,3,13.06,0.0131,NH-48,National Highway,Maharashtra,True,True,True,0,0,0,0,,,,
Route_2_ST_033,Route 2,Station Candidate,160000.0,160.0,629.902,18.346071,73.851505,1,1,2,4.5,0.0045,NH-48,National Highway,Maharashtra,True,True,True,0,0,0,0,,,,
Route_2_ST_034,Route 2,Station Candidate,165000.0,165.0,624.902,18.306362,73.867509,1,1,2,55.64,0.0556,NH-48,National Highway,Maharashtra,True,True,True,0,0,0,0,,,,
Route_2_ST_035,Route 2,Station Candidate,170000.0,170.0,619.902,18.264947,73.884931,1,1,1,240.16,0.2402,NH-48,National Highway,Maharashtra,True,True,True,0,0,0,0,,,,
Route_2_ST_036,Route 2,Station Candidate,175000.0,175.0,614.902,18.230551,73.914042,1,1,1,20.32,0.0203,NH-48,National Highway,Maharashtra,True,True,True,0,0,0,0,,,,
Route_2_ST_037,Route 2,Station Candidate,180000.0,180.0,609.902,18.19014,73.927559,0,0,3,2013.34,2.0133,NH-48,National Highway,Maharashtra,False,False,True,0,0,0,0,,,,
Route_2_ST_038,Route 2,Station Candidate,185000.0,185.0,604.902,18.154869,73.946534,0,0,5,1147.22,1.1472,NH-965DD,National Highway,Maharashtra,False,False,True,0,0,0,0,,,,
Route_2_ST_039,Route 2,Station Candidate,190000.0,190.0,599.902,18.130684,73.981167,3,3,5,138.55,0.1385,NH-965DD,National Highway,Maharashtra,True,True,True,0,0,0,0,,,,
Route_2_ST_040,Route 2,Station Candidate,195000.0,195.0,594.902,18.08926,73.997283,1,1,3,27.3,0.0273,NH-48,National Highway,Maharashtra,True,True,True,0,0,0,0,,,,
Route_2_ST_041,Route 2,Station Candidate,200000.0,200.0,589.902,18.046784,74.013124,2,2,3,200.96,0.201,NH-48,National Highway,Maharashtra,True,True,True,0,0,0,0,,,,
Route_2_ST_042,Route 2,Station Candidate,205000.0,205.0,584.902,18.008888,73.994386,1,1,3,361.64,0.3616,NH-48,National Highway,Maharashtra,True,True,True,0,0,0,0,,,,
Route_2_ST_043,Route 2,Station Candidate,210000.0,210.0,579.902,17.965199,73.983464,1,1,1,171.13,0.1711,NH-48,National Highway,Maharashtra,True,True,True,0,0,0,0,,,,
Route_2_ST_044,Route 2,Station Candidate,215000.0,215.0,574.902,17.921324,73.973652,1,1,1,139.46,0.1395,NH-48,National Highway,Maharashtra,True,True,True,0,0,0,0,,,,
Route_2_ST_045,Route 2,Station Candidate,220000.0,220.0,569.902,17.877953,73.963716,0,1,1,624.18,0.6242,NH-48,National Highway,Maharashtra,False,True,True,4,0,0,0,475.79,0.4758,,
Route_2_ST_046,Route 2,Station Candidate,225000.0,225.0,564.902,17.835895,73.956255,1,1,1,65.31,0.0653,NH-48,National Highway,Maharashtra,True,True,True,0,0,0,0,,,,
Route_2_ST_047,Route 2,Station Candidate,230000.0,230.0,559.902,17.796305,73.978748,1,1,1,95.86,0.0959,NH-48,National Highway,Maharashtra,True,True,True,0,0,0,0,,,,
Route_2_ST_048,Route 2,Station Candidate,235000.0,235.0,554.902,17.754701,73.996528,1,1,2,219.22,0.2192,NH-48,National Highway,Maharashtra,True,True,True,0,0,0,0,,,,
Route_2_ST_049,Route 2,Station Candidate,240000.0,240.0,549.902,17.719437,74.02601,1,2,5,2.27,0.0023,NH-48,National Highway,Maharashtra,True,True,True,0,0,0,0,,,,
Route_2_ST_050,Route 2,Station Candidate,245000.0,245.0,544.902,17.688121,74.03565,1,1,5,10.01,0.01,NH-548C,National Highway,Maharashtra,True,True,True,0,0,0,0,,,,
Route_2_ST_051,Route 2,Station Candidate,250000.0,250.0,539.902,17.69172,74.080529,1,1,1,10.24,0.0102,NH-548C,National Highway,Maharashtra,True,True,True,0,0,0,0,,,,
Route_2_ST_052,Route 2,Station Candidate,255000.0,255.0,534.902,17.697343,74.12613,1,1,1,20.06,0.0201,NH-548C,National Highway,Maharashtra,True,True,True,0,0,0,0,,,,
Route_2_ST_053,Route 2,Station Candidate,260000.0,260.0,529.902,17.702671,74.172944,1,1,1,73.01,0.073,NH-548C,National Highway,Maharashtra,True,True,True,0,0,0,0,,,,
Route_2_ST_054,Route 2,Station Candidate,265000.0,265.0,524.902,17.711362,74.218974,1,1,1,200.88,0.2009,NH-548C,National Highway,Maharashtra,True,True,True,0,0,0,0,,,,
Route_2_ST_055,Route 2,Station Candidate,270000.0,270.0,519.902,17.718011,74.265291,1,1,1,239.61,0.2396,NH-548C,National Highway,Maharashtra,True,True,True,0,0,0,0,,,,
Route_2_ST_056,Route 2,Station Candidate,275000.0,275.0,514.902,17.708432,74.311182,1,1,1,108.76,0.1088,NH-548C,National Highway,Maharashtra,True,True,True,0,0,0,0,,,,
Route_2_ST_057,Route 2,Station Candidate,280000.0,280.0,509.902,17.704769,74.358086,1,1,1,106.47,0.1065,NH-548C,National Highway,Maharashtra,True,True,True,0,0,0,0,,,,
Route_2_ST_058,Route 2,Station Candidate,285000.0,285.0,504.902,17.700621,74.405037,1,1,1,85.37,0.0854,NH-548C,National Highway,Maharashtra,True,True,True,0,0,0,0,,,,
Route_2_ST_059,Route 2,Station Candidate,290000.0,290.0,499.902,17.693068,74.450909,1,1,1,63.0,0.063,NH-548C,National Highway,Maharashtra,True,True,True,0,0,0,0,,,,
Route_2_ST_060,Route 2,Station Candidate,295000.0,295.0,494.902,17.683269,74.496861,0,1,4,801.75,0.8017,NH-548C,National Highway,Maharashtra,False,True,True,0,0,0,0,,,,
Route_2_ST_061,Route 2,Station Candidate,300000.0,300.0,489.902,17.677182,74.543559,1,4,4,287.94,0.2879,NH-548C,National Highway,Maharashtra,True,True,True,0,0,0,0,,,,
Route_2_ST_062,Route 2,Station Candidate,305000.0,305.0,484.902,17.6714,74.590253,1,1,1,455.88,0.4559,NH-548C,National Highway,Maharashtra,True,True,True,0,0,0,0,,,,
Route_2_ST_063,Route 2,Station Candidate,310000.0,310.0,479.902,17.662322,74.636414,1,1,1,239.49,0.2395,NH-548C,National Highway,Maharashtra,True,True,True,0,0,0,0,,,,
Route_2_ST_064,Route 2,Station Candidate,315000.0,315.0,474.902,17.650519,74.681664,1,1,1,471.52,0.4715,NH-548C,National Highway,Maharashtra,True,True,True,0,0,0,0,,,,
Route_2_ST_065,Route 2,Station Candidate,320000.0,320.0,469.902,17.645976,74.72851,1,1,1,222.98,0.223,NH-548C,National Highway,Maharashtra,True,True,True,0,0,0,0,,,,
Route_2_ST_066,Route 2,Station Candidate,325000.0,325.0,464.902,17.645761,74.775432,0,1,3,999.85,0.9998,NH-548C,National Highway,Maharashtra,False,True,True,0,0,0,0,,,,
Route_2_ST_067,Route 2,Station Candidate,330000.0,330.0,459.902,17.648504,74.822224,0,1,3,578.81,0.5788,NH-548E,National Highway,Maharashtra,False,True,True,0,0,0,0,,,,
Route_2_ST_068,Route 2,Station Candidate,335000.0,335.0,454.902,17.660838,74.867568,0,1,1,543.78,0.5438,NH-548E,National Highway,Maharashtra,False,True,True,0,0,0,0,,,,
Route_2_ST_069,Route 2,Station Candidate,340000.0,340.0,449.902,17.671106,74.913478,1,1,1,402.82,0.4028,NH-548E,National Highway,Maharashtra,True,True,True,0,0,0,0,,,,
Route_2_ST_070,Route 2,Station Candidate,345000.0,345.0,444.902,17.677851,74.959771,1,1,1,41.21,0.0412,NH-548E,National Highway,Maharashtra,True,True,True,0,0,0,0,,,,
Route_2_ST_071,Route 2,Station Candidate,350000.0,350.0,439.902,17.683236,75.006488,1,1,4,179.26,0.1793,NH-548E,National Highway,Maharashtra,True,True,True,0,0,0,0,,,,
Route_2_ST_072,Route 2,Station Candidate,355000.0,355.0,434.902,17.691133,75.052823,1,1,4,379.48,0.3795,NH-548E,National Highway,Maharashtra,True,True,True,0,0,0,0,,,,
Route_2_ST_073,Route 2,Station Candidate,360000.0,360.0,429.902,17.696765,75.099462,1,1,1,337.38,0.3374,NH-548E,National Highway,Maharashtra,True,True,True,0,0,0,0,,,,
Route_2_ST_074,Route 2,Station Candidate,365000.0,365.0,424.902,17.689598,75.145851,1,1,2,243.64,0.2436,NH-548E,National Highway,Maharashtra,True,True,True,0,0,0,0,,,,
Route_2_ST_075,Route 2,Station Candidate,370000.0,370.0,419.902,17.680317,75.191581,1,1,2,47.57,0.0476,NH-548E,National Highway,Maharashtra,True,True,True,0,0,0,0,,,,
Route_2_ST_076,Route 2,Station Candidate,375000.0,375.0,414.902,17.680752,75.238014,1,1,5,82.12,0.0821,NH-548E,National Highway,Maharashtra,True,True,True,0,0,0,0,,,,
Route_2_ST_077,Route 2,Station Candidate,380000.0,380.0,409.902,17.684061,75.284698,1,2,9,61.54,0.0615,NH-965,National Highway,Maharashtra,True,True,True,0,0,0,0,,,,
Route_2_ST_078,Route 2,Station Candidate,385000.0,385.0,404.902,17.682105,75.331279,3,6,14,129.99,0.13,NH-561A,National Highway,Maharashtra,True,True,True,0,0,0,0,,,,
Route_2_ST_079,Route 2,Station Candidate,390000.0,390.0,399.902,17.70464,75.37046,0,1,14,852.55,0.8525,NH-965,National Highway,Maharashtra,False,True,True,0,0,0,0,,,,
Route_2_ST_080,Route 2,Station Candidate,395000.0,395.0,394.902,17.729092,75.40977,1,1,3,124.19,0.1242,NH-965,National Highway,Maharashtra,True,True,True,0,0,0,0,,,,
Route_2_ST_081,Route 2,Station Candidate,400000.0,400.0,389.902,17.752347,75.449976,1,1,1,314.13,0.3141,NH-965,National Highway,Maharashtra,True,True,True,0,0,0,0,,,,
Route_2_ST_082,Route 2,Station Candidate,405000.0,405.0,384.902,17.764215,75.494508,1,1,1,201.71,0.2017,NH-965,National Highway,Maharashtra,True,True,True,0,0,0,0,,,,
Route_2_ST_083,Route 2,Station Candidate,410000.0,410.0,379.902,17.785055,75.532901,1,1,1,139.76,0.1398,NH-965,National Highway,Maharashtra,True,True,True,0,0,0,0,,,,
Route_2_ST_084,Route 2,Station Candidate,415000.0,415.0,374.902,17.796643,75.577676,1,1,2,115.66,0.1157,NH-965,National Highway,Maharashtra,True,True,True,0,0,0,0,,,,
Route_2_ST_085,Route 2,Station Candidate,420000.0,420.0,369.902,17.805525,75.622804,1,1,5,109.97,0.11,NH-965,National Highway,Maharashtra,True,True,True,0,0,0,0,,,,
Route_2_ST_086,Route 2,Station Candidate,425000.0,425.0,364.902,17.798374,75.667769,1,1,5,115.28,0.1153,NH-65,National Highway,Maharashtra,True,True,True,0,0,0,0,,,,
Route_2_ST_087,Route 2,Station Candidate,430000.0,430.0,359.902,17.762406,75.690185,0,0,1,2946.36,2.9464,NH-65,National Highway,Maharashtra,False,False,True,0,0,0,0,,,,
Route_2_ST_088,Route 2,Station Candidate,435000.0,435.0,354.902,17.729414,75.721281,0,0,0,,,,,,False,False,False,0,0,0,0,,,,
Route_2_ST_089,Route 2,Station Candidate,440000.0,440.0,349.902,17.729505,75.764876,0,0,1,3123.09,3.1231,NH-65,National Highway,Maharashtra,False,False,True,0,0,0,0,,,,
Route_2_ST_090,Route 2,Station Candidate,445000.0,445.0,344.902,17.699857,75.791741,0,0,2,3666.65,3.6666,NH-166,National Highway,Maharashtra,False,False,True,0,0,0,0,,,,
Route_2_ST_091,Route 2,Station Candidate,450000.0,450.0,339.902,17.67945,75.830871,0,1,5,575.51,0.5755,Solapur Bypass,National Highway,Maharashtra,False,True,True,0,0,0,0,,,,
Route_2_ST_092,Route 2,Station Candidate,455000.0,455.0,334.902,17.676267,75.874653,0,1,12,992.13,0.9921,NH-166,National Highway,Maharashtra,False,True,True,0,0,0,0,,,,
Route_2_ST_093,Route 2,Station Candidate,460000.0,460.0,329.902,17.650207,75.904626,1,1,12,127.57,0.1276,NH-52,National Highway,Maharashtra,True,True,True,6,2,3,1,189.61,0.1896,Shri New English High School,college
Route_2_ST_094,Route 2,Station Candidate,465000.0,465.0,324.902,17.615488,75.934274,0,0,1,4171.72,4.1717,NH-52,National Highway,Maharashtra,False,False,True,0,0,0,0,,,,
Route_2_ST_095,Route 2,Station Candidate,470000.0,470.0,319.902,17.585625,75.969612,0,0,0,,,,,,False,False,False,0,0,0,0,,,,
Route_2_ST_096,Route 2,Station Candidate,475000.0,475.0,314.902,17.556365,76.005514,0,0,0,,,,,,False,False,False,0,0,0,0,,,,
Route_2_ST_097,Route 2,Station Candidate,480000.0,480.0,309.902,17.527099,76.041405,1,1,1,241.14,0.2411,NH-465,National Highway,Maharashtra,True,True,True,0,0,0,0,,,,
Route_2_ST_098,Route 2,Station Candidate,485000.0,485.0,304.902,17.49783,76.077287,0,0,1,3931.42,3.9314,NH-465,National Highway,Maharashtra,False,False,True,0,0,0,0,,,,
Route_2_ST_099,Route 2,Station Candidate,490000.0,490.0,299.902,17.468674,76.113262,0,0,2,3306.14,3.3061,NH-548B,National Highway,Maharashtra,False,False,True,0,0,0,0,,,,
Route_2_ST_100,Route 2,Station Candidate,495000.0,495.0,294.902,17.44645,76.15306,0,0,2,1189.46,1.1895,NH-548B,National Highway,Maharashtra,False,False,True,0,0,0,0,,,,
Route_2_ST_101,Route 2,Station Candidate,500000.0,500.0,289.902,17.423008,76.192574,0,0,2,3975.54,3.9755,NH-548B,National Highway,Maharashtra,False,False,True,0,0,0,0,,,,
Route_2_ST_102,Route 2,Station Candidate,505000.0,505.0,284.902,17.401197,76.233033,0,0,3,2577.65,2.5776,Afzalpur Road,National Highway,Karnataka,False,False,True,0,0,0,0,,,,
Route_2_ST_103,Route 2,Station Candidate,510000.0,510.0,279.902,17.389737,76.278557,0,0,4,4096.96,4.097,NH-150,National Highway,Maharashtra,False,False,True,0,0,0,0,,,,
Route_2_ST_104,Route 2,Station Candidate,515000.0,515.0,274.902,17.378267,76.324075,0,1,2,803.2,0.8032,NH-150,National Highway,Maharashtra,False,True,True,0,0,0,0,,,,
Route_2_ST_105,Route 2,Station Candidate,520000.0,520.0,269.902,17.365139,76.368988,0,1,4,893.45,0.8935,NH-150,National Highway,Maharashtra,False,True,True,0,0,0,0,,,,
Route_2_ST_106,Route 2,Station Candidate,525000.0,525.0,264.902,17.358563,76.41538,0,0,4,2079.47,2.0795,Solapur-Kurnool Corridor,National Highway,Karnataka,False,False,True,0,0,0,0,,,,
Route_2_ST_107,Route 2,Station Candidate,530000.0,530.0,259.902,17.357931,76.462219,0,0,0,,,,,,False,False,False,0,0,0,0,,,,
Route_2_ST_108,Route 2,Station Candidate,535000.0,535.0,254.902,17.34163,76.505032,0,0,0,,,,,,False,False,False,0,0,0,0,,,,
Route_2_ST_109,Route 2,Station Candidate,540000.0,540.0,249.902,17.338328,76.550046,0,0,0,,,,,,False,False,False,0,0,0,0,,,,
Route_2_ST_110,Route 2,Station Candidate,545000.0,545.0,244.902,17.341986,76.596927,0,0,0,,,,,,False,False,False,0,0,0,0,,,,
Route_2_ST_111,Route 2,Station Candidate,550000.0,550.0,239.902,17.352951,76.642276,0,0,0,,,,,,False,False,False,0,0,0,0,,,,
Route_2_ST_112,Route 2,Station Candidate,555000.0,555.0,234.902,17.339601,76.685769,0,0,0,,,,,,False,False,False,0,0,0,0,,,,
Route_2_ST_113,Route 2,Station Candidate,560000.0,560.0,229.902,17.344449,76.730845,0,0,1,4671.12,4.6711,Kalaburagi Road,National Highway,Karnataka,False,False,True,0,0,0,0,,,,
Route_2_ST_114,Route 2,Station Candidate,565000.0,565.0,224.902,17.338133,76.776585,0,0,1,2963.01,2.963,Kalaburagi Road,National Highway,Karnataka,False,False,True,0,0,0,0,,,,
Route_2_ST_115,Route 2,Station Candidate,570000.0,570.0,219.902,17.317705,76.818357,0,0,5,1912.03,1.912,Kalaburagi Road,National Highway,Karnataka,False,False,True,2,1,1,0,456.68,0.4567,Industrial Training Institute Kalaburagi,school
Route_2_ST_116,Route 2,Station Candidate,575000.0,575.0,214.902,17.293904,76.854506,0,1,5,767.93,0.7679,NH-150,National Highway,Karnataka,False,True,True,1,0,1,0,457.02,0.457,,college
Route_2_ST_117,Route 2,Station Candidate,580000.0,580.0,209.902,17.255763,76.87811,0,0,1,1259.16,1.2592,NH-150,National Highway,Karnataka,False,False,True,0,0,0,0,,,,
Route_2_ST_118,Route 2,Station Candidate,585000.0,585.0,204.902,17.216572,76.896469,0,0,1,1961.46,1.9615,NH-150,National Highway,Karnataka,False,False,True,0,0,0,0,,,,
Route_2_ST_119,Route 2,Station Candidate,590000.0,590.0,199.902,17.182052,76.923893,0,1,1,784.87,0.7849,NH-150,National Highway,Karnataka,False,True,True,0,0,0,0,,,,
Route_2_ST_120,Route 2,Station Candidate,595000.0,595.0,194.902,17.141073,76.939677,0,1,1,760.21,0.7602,NH-150,National Highway,Karnataka,False,True,True,0,0,0,0,,,,
Route_2_ST_121,Route 2,Station Candidate,600000.0,600.0,189.902,17.101394,76.954504,0,0,1,2978.26,2.9783,NH-150,National Highway,Karnataka,False,False,True,0,0,0,0,,,,
Route_2_ST_122,Route 2,Station Candidate,605000.0,605.0,184.902,17.075359,76.99277,0,0,2,1898.27,1.8983,NH-150,National Highway,Karnataka,False,False,True,0,0,0,0,,,,
Route_2_ST_123,Route 2,Station Candidate,610000.0,610.0,179.902,17.046482,77.005048,0,1,2,599.81,0.5998,NH-150,National Highway,Karnataka,False,True,True,0,0,0,0,,,,
Route_2_ST_124,Route 2,Station Candidate,615000.0,615.0,174.902,17.067431,77.042944,0,0,2,3106.34,3.1063,NH-150,National Highway,Karnataka,False,False,True,0,0,0,0,,,,
Route_2_ST_125,Route 2,Station Candidate,620000.0,620.0,169.902,17.101964,77.072917,0,0,0,,,,,,False,False,False,0,0,0,0,,,,
Route_2_ST_126,Route 2,Station Candidate,625000.0,625.0,164.902,17.128493,77.10886,0,0,0,,,,,,False,False,False,0,0,0,0,,,,
Route_2_ST_127,Route 2,Station Candidate,630000.0,630.0,159.902,17.14005,77.153727,0,0,0,,,,,,False,False,False,0,0,0,0,,,,
Route_2_ST_128,Route 2,Station Candidate,635000.0,635.0,154.902,17.151661,77.198553,0,0,0,,,,,,False,False,False,0,0,0,0,,,,
Route_2_ST_129,Route 2,Station Candidate,640000.0,640.0,149.902,17.167604,77.24251,0,0,0,,,,,,False,False,False,0,0,0,0,,,,
Route_2_ST_130,Route 2,Station Candidate,645000.0,645.0,144.902,17.183477,77.286496,0,0,0,,,,,,False,False,False,0,0,0,0,,,,
Route_2_ST_131,Route 2,Station Candidate,650000.0,650.0,139.902,17.18749,77.332726,0,0,0,,,,,,False,False,False,0,0,0,0,,,,
Route_2_ST_132,Route 2,Station Candidate,655000.0,655.0,134.902,17.200102,77.377639,0,0,0,,,,,,False,False,False,0,0,0,0,,,,
Route_2_ST_133,Route 2,Station Candidate,660000.0,660.0,129.902,17.215405,77.421782,0,0,0,,,,,,False,False,False,0,0,0,0,,,,
Route_2_ST_134,Route 2,Station Candidate,665000.0,665.0,124.902,17.22609,77.467437,0,0,0,,,,,,False,False,False,0,0,0,0,,,,
Route_2_ST_135,Route 2,Station Candidate,670000.0,670.0,119.902,17.229319,77.513976,0,0,0,,,,,,False,False,False,0,0,0,0,,,,
Route_2_ST_136,Route 2,Station Candidate,675000.0,675.0,114.902,17.245989,77.557647,0,0,3,1132.31,1.1323,NH-167N,National Highway,Telangana,False,False,True,0,0,0,0,,,,
Route_2_ST_137,Route 2,Station Candidate,680000.0,680.0,109.902,17.24989,77.603799,0,0,3,1208.03,1.208,NH-167N,National Highway,Telangana,False,False,True,0,0,0,0,,,,
Route_2_ST_138,Route 2,Station Candidate,685000.0,685.0,104.902,17.263926,77.6474,0,0,0,,,,,,False,False,False,0,0,0,0,,,,
Route_2_ST_139,Route 2,Station Candidate,690000.0,690.0,99.902,17.278894,77.691387,0,0,0,,,,,,False,False,False,0,0,0,0,,,,
Route_2_ST_140,Route 2,Station Candidate,695000.0,695.0,94.902,17.291109,77.733899,0,0,0,,,,,,False,False,False,0,0,0,0,,,,
Route_2_ST_141,Route 2,Station Candidate,700000.0,700.0,89.902,17.285045,77.780271,0,0,0,,,,,,False,False,False,0,0,0,0,,,,
Route_2_ST_142,Route 2,Station Candidate,705000.0,705.0,84.902,17.285779,77.826121,0,0,0,,,,,,False,False,False,0,0,0,0,,,,
Route_2_ST_143,Route 2,Station Candidate,710000.0,710.0,79.902,17.292134,77.870901,0,0,0,,,,,,False,False,False,0,0,0,0,,,,
Route_2_ST_144,Route 2,Station Candidate,715000.0,715.0,74.902,17.319934,77.907373,0,0,0,,,,,,False,False,False,0,0,0,0,,,,
Route_2_ST_145,Route 2,Station Candidate,720000.0,720.0,69.902,17.361859,77.917633,0,0,0,,,,,,False,False,False,0,0,0,0,,,,
Route_2_ST_146,Route 2,Station Candidate,725000.0,725.0,64.902,17.386393,77.957095,0,0,0,,,,,,False,False,False,0,0,0,0,,,,
Route_2_ST_147,Route 2,Station Candidate,730000.0,730.0,59.902,17.403214,77.999524,0,0,1,4646.22,4.6462,,National Highway,Telangana,False,False,True,0,0,0,0,,,,
Route_2_ST_148,Route 2,Station Candidate,735000.0,735.0,54.902,17.420828,78.042597,1,1,1,284.45,0.2844,,National Highway,Telangana,True,True,True,0,0,0,0,,,,
Route_2_ST_149,Route 2,Station Candidate,740000.0,740.0,49.902,17.440722,78.083831,0,0,0,,,,,,False,False,False,0,0,0,0,,,,
Route_2_ST_150,Route 2,Station Candidate,745000.0,745.0,44.902,17.450532,78.127887,0,0,0,,,,,,False,False,False,0,0,0,0,,,,
Route_2_ST_151,Route 2,Station Candidate,750000.0,750.0,39.902,17.450921,78.172838,0,0,0,,,,,,False,False,False,0,0,0,0,,,,
Route_2_ST_152,Route 2,Station Candidate,755000.0,755.0,34.902,17.458195,78.218519,0,0,1,3355.74,3.3557,Nehru Outer Ring Road (Hyderabad),State Expressway,Telangana,False,False,True,0,0,0,0,,,,
Route_2_ST_153,Route 2,Station Candidate,760000.0,760.0,29.902,17.471796,78.262921,0,0,1,1544.33,1.5443,Nehru Outer Ring Road (Hyderabad),State Expressway,Telangana,False,False,True,0,0,0,0,,,,
Route_2_ST_154,Route 2,Station Candidate,765000.0,765.0,24.902,17.481063,78.307952,0,0,4,1827.75,1.8277,NH-65,National Highway,Telangana,False,False,True,3,2,0,0,656.86,0.6569,Kidzonia International Perschool,
Route_2_ST_155,Route 2,Station Candidate,770000.0,770.0,19.902,17.482834,78.351535,0,1,4,735.2,0.7352,Miyapur Road,Other Major Road,Telangana,False,True,True,0,0,0,0,,,,
Route_2_ST_156,Route 2,Station Candidate,775000.0,775.0,14.902,17.464004,78.389833,0,0,3,2386.71,2.3867,Miyapur Road,Other Major Road,Telangana,False,False,True,1,0,0,0,950.62,0.9506,Zilla Parishath Primary School,
Route_2_ST_157,Route 2,Station Candidate,780000.0,780.0,9.902,17.461871,78.435218,1,1,5,368.54,0.3685,NH-65,National Highway,Telangana,True,True,True,0,0,0,0,,,,
Route_2_ST_158,Route 2,Station Candidate,785000.0,785.0,4.902,17.434812,78.464277,0,0,10,1532.95,1.533,NH-65,National Highway,Telangana,False,False,True,4,1,0,0,393.79,0.3938,St. Francis womens college,
Route_2_END,Route 2,Route End Candidate,789902.22,789.90222,0.0,17.434812,78.464277,0,0,10,1532.95,1.533,NH-65,National Highway,Telangana,False,False,True,4,1,0,0,393.79,0.3938,St. Francis womens college,
Route_3_ST_001,Route 3,Station Candidate,0.0,0.0,799.26,19.010235,72.837272,1,1,12,309.64,0.3096,Bandra-Worli Sea Link,Other Major Road,Maharashtra,True,True,True,36,16,1,0,348.72,0.3487,Elphinstone Road Municipal School,school
Route_3_ST_002,Route 3,Station Candidate,5000.0,5.0,794.26,19.051432,72.842366,3,3,6,15.71,0.0157,Western Expressway,Other Major Road,Maharashtra,True,True,True,13,6,3,0,363.02,0.363,Madrasa,school
Route_3_ST_003,Route 3,Station Candidate,10000.0,10.0,789.26,19.071792,72.865092,0,0,4,1922.19,1.9222,Western Expressway,Other Major Road,Maharashtra,False,False,True,8,4,1,1,402.9,0.4029,Mumbai University,university
Route_3_ST_004,Route 3,Station Candidate,15000.0,15.0,784.26,19.060388,72.905836,0,1,1,740.16,0.7402,Eastern Expressway,Other Major Road,Maharashtra,False,True,True,19,10,1,0,14.95,0.0149,Swami Muktanand High School,school
Route_3_ST_005,Route 3,Station Candidate,20000.0,20.0,779.26,19.054313,72.94834,0,0,1,3667.61,3.6676,Eastern Expressway,Other Major Road,Maharashtra,False,False,True,0,0,0,0,,,,
Route_3_ST_006,Route 3,Station Candidate,25000.0,25.0,774.26,19.06074,72.993976,0,0,2,4841.48,4.8415,NH-348A,National Highway,Maharashtra,False,False,True,1,1,0,0,937.28,0.9373,NMMC School - Vashi Gaon,school
Route_3_ST_007,Route 3,Station Candidate,30000.0,30.0,769.26,19.04347,73.018302,0,0,3,1660.15,1.6602,NH-348A,National Highway,Maharashtra,False,False,True,29,11,9,1,204.73,0.2047,M.G.M College,college
Route_3_ST_008,Route 3,Station Candidate,35000.0,35.0,764.26,19.020272,73.040677,1,1,3,366.28,0.3663,Sion-Panvel Expressway,Other Major Road,Maharashtra,True,True,True,12,3,1,1,694.57,0.6946,D.Y. Patil School & Jr. College,school
Route_3_ST_009,Route 3,Station Candidate,40000.0,40.0,759.26,19.016615,73.080551,0,0,10,1731.65,1.7317,Sion-Panvel Expressway,Other Major Road,Maharashtra,False,False,True,0,0,0,0,,,,
Route_3_ST_010,Route 3,Station Candidate,45000.0,45.0,754.26,18.992679,73.119434,1,1,19,408.65,0.4086,NH-48,National Highway,Maharashtra,True,True,True,10,2,3,0,423.86,0.4239,Government College Of Education Panvel,college
Route_3_ST_011,Route 3,Station Candidate,50000.0,50.0,749.26,18.969141,73.158375,1,1,14,23.74,0.0237,Mumbai-Pune Expressway,State Expressway,Maharashtra,True,True,True,0,0,0,0,,,,
Route_3_ST_012,Route 3,Station Candidate,55000.0,55.0,744.26,18.927693,73.164558,1,1,6,34.08,0.0341,Mumbai-Pune Expressway,State Expressway,Maharashtra,True,True,True,0,0,0,0,,,,
Route_3_ST_013,Route 3,Station Candidate,60000.0,60.0,739.26,18.899519,73.200674,1,1,2,120.08,0.1201,Mumbai-Pune Expressway,State Expressway,Maharashtra,True,True,True,0,0,0,0,,,,
Route_3_ST_014,Route 3,Station Candidate,65000.0,65.0,734.26,18.860206,73.223942,1,1,2,25.74,0.0257,Mumbai-Pune Expressway,State Expressway,Maharashtra,True,True,True,0,0,0,0,,,,
Route_3_ST_015,Route 3,Station Candidate,70000.0,70.0,729.26,18.829807,73.257479,1,1,3,52.77,0.0528,Mumbai-Pune Expressway,State Expressway,Maharashtra,True,True,True,0,0,0,0,,,,
Route_3_ST_016,Route 3,Station Candidate,75000.0,75.0,724.26,18.796938,73.2896,6,6,10,144.65,0.1446,Mumbai-Pune Expressway,State Expressway,Maharashtra,True,True,True,0,0,0,0,,,,
Route_3_ST_017,Route 3,Station Candidate,80000.0,80.0,719.26,18.775202,73.330293,1,1,13,272.29,0.2723,Mumbai-Pune Expressway,State Expressway,Maharashtra,True,True,True,0,0,0,0,,,,
Route_3_ST_018,Route 3,Station Candidate,85000.0,85.0,714.26,18.744274,73.364268,0,0,9,1664.68,1.6647,NH-48,National Highway,Maharashtra,False,False,True,0,0,0,0,,,,
Route_3_ST_019,Route 3,Station Candidate,90000.0,90.0,709.26,18.735035,73.409617,0,0,6,2083.77,2.0838,Mumbai-Pune Expressway,State Expressway,Maharashtra,False,False,True,0,0,0,0,,,,
Route_3_ST_020,Route 3,Station Candidate,95000.0,95.0,704.26,18.736702,73.456232,1,1,4,22.33,0.0223,Mumbai-Pune Expressway,State Expressway,Maharashtra,True,True,True,0,0,0,0,,,,
Route_3_ST_021,Route 3,Station Candidate,100000.0,100.0,699.26,18.747428,73.502217,1,1,2,18.7,0.0187,Mumbai-Pune Expressway,State Expressway,Maharashtra,True,True,True,0,0,0,0,,,,
Route_3_ST_022,Route 3,Station Candidate,105000.0,105.0,694.26,18.731982,73.535913,1,1,2,28.27,0.0283,Mumbai-Pune Expressway,State Expressway,Maharashtra,True,True,True,0,0,0,0,,,,
Route_3_ST_023,Route 3,Station Candidate,110000.0,110.0,689.26,18.708927,73.575693,1,1,1,23.86,0.0239,Mumbai-Pune Expressway,State Expressway,Maharashtra,True,True,True,0,0,0,0,,,,
Route_3_ST_024,Route 3,Station Candidate,115000.0,115.0,684.26,18.712556,73.621856,1,1,4,73.42,0.0734,Mumbai-Pune Expressway,State Expressway,Maharashtra,True,True,True,0,0,0,0,,,,
Route_3_ST_025,Route 3,Station Candidate,120000.0,120.0,679.26,18.705363,73.666404,1,1,4,54.5,0.0545,Mumbai-Pune Expressway,State Expressway,Maharashtra,True,True,True,2,1,0,0,937.15,0.9371,,school
Route_3_ST_026,Route 3,Station Candidate,125000.0,125.0,674.26,18.676343,73.699233,1,1,4,0.26,0.0003,Mumbai-Pune Expressway,State Expressway,Maharashtra,True,True,True,0,0,0,0,,,,
Route_3_ST_027,Route 3,Station Candidate,130000.0,130.0,669.26,18.652121,73.733515,1,1,4,34.19,0.0342,NH-48,National Highway,Maharashtra,True,True,True,0,0,0,0,,,,
Route_3_ST_028,Route 3,Station Candidate,135000.0,135.0,664.26,18.609793,73.750053,1,1,1,57.69,0.0577,NH-48,National Highway,Maharashtra,True,True,True,15,2,4,0,0.0,0.0,Indira Group of Institute (IGI),college
Route_3_ST_029,Route 3,Station Candidate,140000.0,140.0,659.26,18.567177,73.76579,1,1,2,77.83,0.0778,NH-48,National Highway,Maharashtra,True,True,True,4,0,2,0,874.39,0.8744,MITCON,college
Route_3_ST_030,Route 3,Station Candidate,145000.0,145.0,654.26,18.527537,73.776431,1,2,4,23.64,0.0236,NH-48,National Highway,Maharashtra,True,True,True,0,0,0,0,,,,
Route_3_ST_031,Route 3,Station Candidate,150000.0,150.0,649.26,18.502134,73.792351,1,1,4,1.05,0.0011,NH-48,National Highway,Maharashtra,True,True,True,0,0,0,0,,,,
Route_3_ST_032,Route 3,Station Candidate,155000.0,155.0,644.26,18.468907,73.814375,1,1,4,18.74,0.0187,NH-48,National Highway,Maharashtra,True,True,True,1,1,0,0,942.75,0.9427,Sanas Vidyalaya,school
Route_3_ST_033,Route 3,Station Candidate,160000.0,160.0,639.26,18.449005,73.855505,4,4,6,17.4,0.0174,NH-65,National Highway,Maharashtra,True,True,True,3,1,0,0,630.96,0.631,Shri Chakradhar Swami School,school
Route_3_ST_034,Route 3,Station Candidate,165000.0,165.0,634.26,18.449642,73.901855,1,1,4,38.83,0.0388,NH-65,National Highway,Maharashtra,True,True,True,0,0,0,0,,,,
Route_3_ST_035,Route 3,Station Candidate,170000.0,170.0,629.26,18.459531,73.947259,1,1,5,94.77,0.0948,NH-65,National Highway,Maharashtra,True,True,True,0,0,0,0,,,,
Route_3_ST_036,Route 3,Station Candidate,175000.0,175.0,624.26,18.441033,73.974815,1,1,4,0.6,0.0006,NH-965,National Highway,Maharashtra,True,True,True,0,0,0,0,,,,
Route_3_ST_037,Route 3,Station Candidate,180000.0,180.0,619.26,18.411993,74.004052,2,2,2,271.71,0.2717,NH-965,National Highway,Maharashtra,True,True,True,0,0,0,0,,,,
Route_3_ST_038,Route 3,Station Candidate,185000.0,185.0,614.26,18.392832,74.046764,0,0,2,3422.67,3.4227,NH-965,National Highway,Maharashtra,False,False,True,0,0,0,0,,,,
Route_3_ST_039,Route 3,Station Candidate,190000.0,190.0,609.26,18.382242,74.091572,0,0,0,,,,,,False,False,False,0,0,0,0,,,,
Route_3_ST_040,Route 3,Station Candidate,195000.0,195.0,604.26,18.364879,74.132518,0,0,0,,,,,,False,False,False,0,0,0,0,,,,
Route_3_ST_041,Route 3,Station Candidate,200000.0,200.0,599.26,18.323965,74.147945,0,0,1,4292.94,4.2929,NH-965,National Highway,Maharashtra,False,False,True,0,0,0,0,,,,
Route_3_ST_042,Route 3,Station Candidate,205000.0,205.0,594.26,18.287389,74.172565,0,0,1,1522.07,1.5221,NH-965,National Highway,Maharashtra,False,False,True,0,0,0,0,,,,
Route_3_ST_043,Route 3,Station Candidate,210000.0,210.0,589.26,18.276497,74.216802,0,0,1,4885.38,4.8854,NH-965,National Highway,Maharashtra,False,False,True,0,0,0,0,,,,
Route_3_ST_044,Route 3,Station Candidate,215000.0,215.0,584.26,18.277924,74.263531,0,0,0,,,,,,False,False,False,0,0,0,0,,,,
Route_3_ST_045,Route 3,Station Candidate,220000.0,220.0,579.26,18.275073,74.310127,0,1,1,817.14,0.8171,NH-965D,National Highway,Maharashtra,False,True,True,1,1,0,0,561.88,0.5619,SMVM_School_ground,school
Route_3_ST_046,Route 3,Station Candidate,225000.0,225.0,574.26,18.251206,74.347233,0,0,1,3909.35,3.9093,NH-965D,National Highway,Maharashtra,False,False,True,0,0,0,0,,,,
Route_3_ST_047,Route 3,Station Candidate,230000.0,230.0,569.26,18.233661,74.390793,0,0,0,,,,,,False,False,False,0,0,0,0,,,,
Route_3_ST_048,Route 3,Station Candidate,235000.0,235.0,564.26,18.217521,74.434963,0,0,0,,,,,,False,False,False,0,0,0,0,,,,
Route_3_ST_049,Route 3,Station Candidate,240000.0,240.0,559.26,18.20078,74.478879,0,0,0,,,,,,False,False,False,0,0,0,0,,,,
Route_3_ST_050,Route 3,Station Candidate,245000.0,245.0,554.26,18.188339,74.522934,0,0,1,2680.86,2.6809,NH-160,National Highway,Maharashtra,False,False,True,0,0,0,0,,,,
Route_3_ST_051,Route 3,Station Candidate,250000.0,250.0,549.26,18.15868,74.558327,0,1,3,968.55,0.9686,NH-160,National Highway,Maharashtra,False,True,True,0,0,0,0,,,,
Route_3_ST_052,Route 3,Station Candidate,255000.0,255.0,544.26,18.12462,74.580299,0,0,3,2208.48,2.2085,NH-160,National Highway,Maharashtra,False,False,True,0,0,0,0,,,,
Route_3_ST_053,Route 3,Station Candidate,260000.0,260.0,539.26,18.08417,74.600571,0,0,0,,,,,,False,False,False,0,0,0,0,,,,
Route_3_ST_054,Route 3,Station Candidate,265000.0,265.0,534.26,18.045335,74.62465,0,0,0,,,,,,False,False,False,0,0,0,0,,,,
Route_3_ST_055,Route 3,Station Candidate,270000.0,270.0,529.26,18.007826,74.650999,0,0,0,,,,,,False,False,False,0,0,0,0,,,,
Route_3_ST_056,Route 3,Station Candidate,275000.0,275.0,524.26,17.970314,74.677336,0,0,1,3320.88,3.3209,NH-965,National Highway,Maharashtra,False,False,True,0,0,0,0,,,,
Route_3_ST_057,Route 3,Station Candidate,280000.0,280.0,519.26,17.932797,74.703662,0,0,2,1499.49,1.4995,NH-965,National Highway,Maharashtra,False,False,True,0,0,0,0,,,,
Route_3_ST_058,Route 3,Station Candidate,285000.0,285.0,514.26,17.897701,74.732841,1,1,2,35.03,0.035,NH-965,National Highway,Maharashtra,True,True,True,0,0,0,0,,,,
Route_3_ST_059,Route 3,Station Candidate,290000.0,290.0,509.26,17.885963,74.776145,2,2,2,7.99,0.008,NH-965,National Highway,Maharashtra,True,True,True,0,0,0,0,,,,
Route_3_ST_060,Route 3,Station Candidate,295000.0,295.0,504.26,17.876768,74.821123,1,1,2,0.51,0.0005,NH-965,National Highway,Maharashtra,True,True,True,0,0,0,0,,,,
Route_3_ST_061,Route 3,Station Candidate,300000.0,300.0,499.26,17.864919,74.866655,1,1,4,5.54,0.0055,NH-965,National Highway,Maharashtra,True,True,True,0,0,0,0,,,,
Route_3_ST_062,Route 3,Station Candidate,305000.0,305.0,494.26,17.84949,74.90732,1,2,5,64.23,0.0642,NH-965,National Highway,Maharashtra,True,True,True,0,0,0,0,,,,
Route_3_ST_063,Route 3,Station Candidate,310000.0,310.0,489.26,17.836234,74.950487,1,1,3,29.42,0.0294,NH-965,National Highway,Maharashtra,True,True,True,0,0,0,0,,,,
Route_3_ST_064,Route 3,Station Candidate,315000.0,315.0,484.26,17.813199,74.990896,1,1,1,69.86,0.0699,NH-965,National Highway,Maharashtra,True,True,True,0,0,0,0,,,,
Route_3_ST_065,Route 3,Station Candidate,320000.0,320.0,479.26,17.80322,75.036544,1,1,4,209.46,0.2095,NH-965,National Highway,Maharashtra,True,True,True,0,0,0,0,,,,
Route_3_ST_066,Route 3,Station Candidate,325000.0,325.0,474.26,17.785113,75.079512,1,1,5,47.22,0.0472,NH-965,National Highway,Maharashtra,True,True,True,0,0,0,0,,,,
Route_3_ST_067,Route 3,Station Candidate,330000.0,330.0,469.26,17.768063,75.121162,2,2,2,22.2,0.0222,NH-965,National Highway,Maharashtra,True,True,True,0,0,0,0,,,,
Route_3_ST_068,Route 3,Station Candidate,335000.0,335.0,464.26,17.739682,75.156273,1,1,2,1.14,0.0011,NH-965,National Highway,Maharashtra,True,True,True,0,0,0,0,,,,
Route_3_ST_069,Route 3,Station Candidate,340000.0,340.0,459.26,17.715694,75.195519,1,1,2,93.29,0.0933,NH-965,National Highway,Maharashtra,True,True,True,0,0,0,0,,,,
Route_3_ST_070,Route 3,Station Candidate,345000.0,345.0,454.26,17.700715,75.240007,1,1,5,10.2,0.0102,NH-965,National Highway,Maharashtra,True,True,True,0,0,0,0,,,,
Route_3_ST_071,Route 3,Station Candidate,350000.0,350.0,449.26,17.685725,75.284488,1,2,9,103.97,0.104,NH-965,National Highway,Maharashtra,True,True,True,0,0,0,0,,,,
Route_3_ST_072,Route 3,Station Candidate,355000.0,355.0,444.26,17.681168,75.331075,3,6,14,26.82,0.0268,NH-561A,National Highway,Maharashtra,True,True,True,0,0,0,0,,,,
Route_3_ST_073,Route 3,Station Candidate,360000.0,360.0,439.26,17.694454,75.375124,0,0,14,1827.45,1.8275,NH-965,National Highway,Maharashtra,False,False,True,0,0,0,0,,,,
Route_3_ST_074,Route 3,Station Candidate,365000.0,365.0,434.26,17.706295,75.41894,0,0,2,2571.35,2.5714,NH-965,National Highway,Maharashtra,False,False,True,0,0,0,0,,,,
Route_3_ST_075,Route 3,Station Candidate,370000.0,370.0,429.26,17.717501,75.464565,0,0,1,4244.53,4.2445,NH-965,National Highway,Maharashtra,False,False,True,0,0,0,0,,,,
Route_3_ST_076,Route 3,Station Candidate,375000.0,375.0,424.26,17.712914,75.510885,0,0,0,,,,,,False,False,False,0,0,0,0,,,,
Route_3_ST_077,Route 3,Station Candidate,380000.0,380.0,419.26,17.700416,75.555891,0,0,0,,,,,,False,False,False,0,0,0,0,,,,
Route_3_ST_078,Route 3,Station Candidate,385000.0,385.0,414.26,17.682626,75.599015,0,0,0,,,,,,False,False,False,0,0,0,0,,,,
Route_3_ST_079,Route 3,Station Candidate,390000.0,390.0,409.26,17.67787,75.645249,0,0,1,1104.6,1.1046,NH-465,National Highway,Maharashtra,False,False,True,0,0,0,0,,,,
Route_3_ST_080,Route 3,Station Candidate,395000.0,395.0,404.26,17.655341,75.685985,1,1,4,80.01,0.08,NH-465,National Highway,Maharashtra,True,True,True,0,0,0,0,,,,
Route_3_ST_081,Route 3,Station Candidate,400000.0,400.0,399.26,17.645511,75.726667,1,1,4,53.83,0.0538,NH-166,National Highway,Maharashtra,True,True,True,0,0,0,0,,,,
Route_3_ST_082,Route 3,Station Candidate,405000.0,405.0,394.26,17.65494,75.772759,1,1,1,350.66,0.3507,NH-166,National Highway,Maharashtra,True,True,True,0,0,0,0,,,,
Route_3_ST_083,Route 3,Station Candidate,410000.0,410.0,389.26,17.66385,75.818957,1,1,3,483.23,0.4832,NH-166,National Highway,Maharashtra,True,True,True,0,0,0,0,,,,
Route_3_ST_084,Route 3,Station Candidate,415000.0,415.0,384.26,17.674082,75.86427,0,1,10,916.44,0.9164,NH-166,National Highway,Maharashtra,False,True,True,0,0,0,0,,,,
Route_3_ST_085,Route 3,Station Candidate,420000.0,420.0,379.26,17.658249,75.898045,0,1,12,573.86,0.5739,NH-52,National Highway,Maharashtra,False,True,True,6,2,3,1,552.39,0.5524,Annasaheb Patil Prashala,university
Route_3_ST_086,Route 3,Station Candidate,425000.0,425.0,374.26,17.62308,75.927641,0,0,1,3281.94,3.2819,NH-52,National Highway,Maharashtra,False,False,True,1,0,1,0,599.67,0.5997,PSPM Mahila Homeopathy College,college
Route_3_ST_087,Route 3,Station Candidate,430000.0,430.0,369.26,17.590576,75.960105,0,0,0,,,,,,False,False,False,0,0,0,0,,,,
Route_3_ST_088,Route 3,Station Candidate,435000.0,435.0,364.26,17.561011,75.995736,0,0,0,,,,,,False,False,False,0,0,0,0,,,,
Route_3_ST_089,Route 3,Station Candidate,440000.0,440.0,359.26,17.53144,76.031355,0,0,1,1322.98,1.323,NH-465,National Highway,Maharashtra,False,False,True,0,0,0,0,,,,
Route_3_ST_090,Route 3,Station Candidate,445000.0,445.0,354.26,17.501863,76.066963,0,0,1,2748.02,2.748,NH-465,National Highway,Maharashtra,False,False,True,0,0,0,0,,,,
Route_3_ST_091,Route 3,Station Candidate,450000.0,450.0,349.26,17.47506,76.104733,0,0,2,4452.42,4.4524,NH-548B,National Highway,Maharashtra,False,False,True,0,0,0,0,,,,
Route_3_ST_092,Route 3,Station Candidate,455000.0,455.0,344.26,17.45052,76.144267,2,2,2,217.96,0.218,NH-548B,National Highway,Maharashtra,True,True,True,0,0,0,0,,,,
Route_3_ST_093,Route 3,Station Candidate,460000.0,460.0,339.26,17.426206,76.183947,0,0,2,3272.35,3.2723,NH-548B,National Highway,Maharashtra,False,False,True,0,0,0,0,,,,
Route_3_ST_094,Route 3,Station Candidate,465000.0,465.0,334.26,17.402031,76.223712,0,0,3,2859.28,2.8593,Afzalpur Road,National Highway,Karnataka,False,False,True,0,0,0,0,,,,
Route_3_ST_095,Route 3,Station Candidate,470000.0,470.0,329.26,17.389777,76.268845,0,0,4,3684.83,3.6848,Afzalpur Road,National Highway,Karnataka,False,False,True,0,0,0,0,,,,
Route_3_ST_096,Route 3,Station Candidate,475000.0,475.0,324.26,17.378494,76.314413,0,0,2,1660.78,1.6608,NH-150,National Highway,Maharashtra,False,False,True,0,0,0,0,,,,
Route_3_ST_097,Route 3,Station Candidate,480000.0,480.0,319.26,17.367201,76.359976,1,1,3,496.27,0.4963,NH-150,National Highway,Maharashtra,True,True,True,0,0,0,0,,,,
Route_3_ST_098,Route 3,Station Candidate,485000.0,485.0,314.26,17.361713,76.406627,0,0,4,1654.62,1.6546,Solapur-Kurnool Corridor,National Highway,Maharashtra,False,False,True,0,0,0,0,,,,
Route_3_ST_099,Route 3,Station Candidate,490000.0,490.0,309.26,17.356972,76.453418,0,0,1,4879.16,4.8792,Solapur-Kurnool Corridor,National Highway,Karnataka,False,False,True,0,0,0,0,,,,
Route_3_ST_100,Route 3,Station Candidate,495000.0,495.0,304.26,17.344049,76.498054,0,0,0,,,,,,False,False,False,0,0,0,0,,,,
Route_3_ST_101,Route 3,Station Candidate,500000.0,500.0,299.26,17.338235,76.543189,0,0,0,,,,,,False,False,False,0,0,0,0,,,,
Route_3_ST_102,Route 3,Station Candidate,505000.0,505.0,294.26,17.343509,76.58991,0,0,0,,,,,,False,False,False,0,0,0,0,,,,
Route_3_ST_103,Route 3,Station Candidate,510000.0,510.0,289.26,17.351459,76.63619,0,0,0,,,,,,False,False,False,0,0,0,0,,,,
Route_3_ST_104,Route 3,Station Candidate,515000.0,515.0,284.26,17.346841,76.679934,0,0,0,,,,,,False,False,False,0,0,0,0,,,,
Route_3_ST_105,Route 3,Station Candidate,520000.0,520.0,279.26,17.3429,76.721868,0,0,1,4901.55,4.9016,Kalaburagi Road,National Highway,Karnataka,False,False,True,0,0,0,0,,,,
Route_3_ST_106,Route 3,Station Candidate,525000.0,525.0,274.26,17.339163,76.766978,0,0,1,3653.36,3.6534,Kalaburagi Road,National Highway,Karnataka,False,False,True,0,0,0,0,,,,
Route_3_ST_107,Route 3,Station Candidate,530000.0,530.0,269.26,17.354022,76.792685,0,0,1,4067.23,4.0672,Kalaburagi Road,National Highway,Karnataka,False,False,True,0,0,0,0,,,,
Route_3_ST_108,Route 3,Station Candidate,535000.0,535.0,264.26,17.381848,76.828558,0,0,1,2854.5,2.8545,NH-50,National Highway,Karnataka,False,False,True,0,0,0,0,,,,
Route_3_ST_109,Route 3,Station Candidate,540000.0,540.0,259.26,17.418702,76.839453,0,0,1,3938.81,3.9388,NH-50,National Highway,Karnataka,False,False,True,0,0,0,0,,,,
Route_3_ST_110,Route 3,Station Candidate,545000.0,545.0,254.26,17.443088,76.871806,0,0,1,2442.37,2.4424,NH-50,National Highway,Karnataka,False,False,True,0,0,0,0,,,,
Route_3_ST_111,Route 3,Station Candidate,550000.0,550.0,249.26,17.480611,76.897618,0,0,1,1791.31,1.7913,NH-50,National Highway,Karnataka,False,False,True,0,0,0,0,,,,
Route_3_ST_112,Route 3,Station Candidate,555000.0,555.0,244.26,17.513518,76.928823,0,0,1,1188.22,1.1882,NH-50,National Highway,Karnataka,False,False,True,0,0,0,0,,,,
Route_3_ST_113,Route 3,Station Candidate,560000.0,560.0,239.26,17.547966,76.958544,1,1,1,459.29,0.4593,NH-50,National Highway,Karnataka,True,True,True,0,0,0,0,,,,
Route_3_ST_114,Route 3,Station Candidate,565000.0,565.0,234.26,17.58665,76.979423,0,1,1,622.6,0.6226,NH-50,National Highway,Karnataka,False,True,True,0,0,0,0,,,,
Route_3_ST_115,Route 3,Station Candidate,570000.0,570.0,229.26,17.599327,77.022609,0,0,1,1559.2,1.5592,NH-50,National Highway,Karnataka,False,False,True,0,0,0,0,,,,
Route_3_ST_116,Route 3,Station Candidate,575000.0,575.0,224.26,17.633631,77.048166,0,0,1,1472.75,1.4727,NH-50,National Highway,Karnataka,False,False,True,0,0,0,0,,,,
Route_3_ST_117,Route 3,Station Candidate,580000.0,580.0,219.26,17.670513,77.069003,1,1,1,385.61,0.3856,NH-50,National Highway,Karnataka,True,True,True,0,0,0,0,,,,
Route_3_ST_118,Route 3,Station Candidate,585000.0,585.0,214.26,17.68077,77.11257,0,0,1,4433.33,4.4333,NH-50,National Highway,Karnataka,False,False,True,0,0,0,0,,,,
Route_3_ST_119,Route 3,Station Candidate,590000.0,590.0,209.26,17.725042,77.119609,0,0,4,4377.3,4.3773,NH-65,National Highway,Karnataka,False,False,True,0,0,0,0,,,,
Route_3_ST_120,Route 3,Station Candidate,595000.0,595.0,204.26,17.764192,77.138364,0,1,6,572.41,0.5724,NH-65,National Highway,Karnataka,False,True,True,0,0,0,0,,,,
Route_3_ST_121,Route 3,Station Candidate,600000.0,600.0,199.26,17.785935,77.169167,0,0,2,2599.68,2.5997,NH-65,National Highway,Karnataka,False,False,True,0,0,0,0,,,,
Route_3_ST_122,Route 3,Station Candidate,605000.0,605.0,194.26,17.785337,77.214352,0,0,1,2300.72,2.3007,NH-65,National Highway,Karnataka,False,False,True,0,0,0,0,,,,
Route_3_ST_123,Route 3,Station Candidate,610000.0,610.0,189.26,17.818678,77.245941,0,0,1,3054.17,3.0542,NH-50,National Highway,Karnataka,False,False,True,0,0,0,0,,,,
Route_3_ST_124,Route 3,Station Candidate,615000.0,615.0,184.26,17.848906,77.277374,0,0,1,1251.43,1.2514,NH-50,National Highway,Karnataka,False,False,True,0,0,0,0,,,,
Route_3_ST_125,Route 3,Station Candidate,620000.0,620.0,179.26,17.893742,77.283018,0,0,1,2215.72,2.2157,NH-50,National Highway,Karnataka,False,False,True,0,0,0,0,,,,
Route_3_ST_126,Route 3,Station Candidate,625000.0,625.0,174.26,17.92,77.319877,0,0,1,3135.68,3.1357,NH-50,National Highway,Karnataka,False,False,True,0,0,0,0,,,,
Route_3_ST_127,Route 3,Station Candidate,630000.0,630.0,169.26,17.946156,77.357115,0,0,2,2160.36,2.1604,NH-50,National Highway,Karnataka,False,False,True,0,0,0,0,,,,
Route_3_ST_128,Route 3,Station Candidate,635000.0,635.0,164.26,17.938205,77.403036,0,0,2,1014.63,1.0146,NH-50,National Highway,Karnataka,False,False,True,0,0,0,0,,,,
Route_3_ST_129,Route 3,Station Candidate,640000.0,640.0,159.26,17.925995,77.448451,0,1,3,883.02,0.883,NH-50,National Highway,Karnataka,False,True,True,0,0,0,0,,,,
Route_3_ST_130,Route 3,Station Candidate,645000.0,645.0,154.26,17.923895,77.494526,1,1,7,219.14,0.2191,NH-161A,National Highway,Karnataka,True,True,True,1,0,0,0,652.3,0.6523,Mate Mainkeshwari PU College,
Route_3_ST_131,Route 3,Station Candidate,650000.0,650.0,149.26,17.905677,77.53454,2,2,5,276.81,0.2768,Bidar Road,National Highway,Karnataka,True,True,True,0,0,0,0,,,,
Route_3_ST_132,Route 3,Station Candidate,655000.0,655.0,144.26,17.868115,77.537073,0,0,2,3851.57,3.8516,Bidar Road,National Highway,Karnataka,False,False,True,0,0,0,0,,,,
Route_3_ST_133,Route 3,Station Candidate,660000.0,660.0,139.26,17.827326,77.533492,0,0,0,,,,,,False,False,False,0,0,0,0,,,,
Route_3_ST_134,Route 3,Station Candidate,665000.0,665.0,134.26,17.786626,77.553322,0,0,0,,,,,,False,False,False,0,0,0,0,,,,
Route_3_ST_135,Route 3,Station Candidate,670000.0,670.0,129.26,17.74471,77.569993,0,0,0,,,,,,False,False,False,0,0,0,0,,,,
Route_3_ST_136,Route 3,Station Candidate,675000.0,675.0,124.26,17.701015,77.581756,0,0,2,1112.55,1.1126,NH-65,National Highway,Telangana,False,False,True,0,0,0,0,,,,
Route_3_ST_137,Route 3,Station Candidate,680000.0,680.0,119.26,17.675426,77.616278,0,0,2,1834.97,1.835,NH-65,National Highway,Telangana,False,False,True,0,0,0,0,,,,
Route_3_ST_138,Route 3,Station Candidate,685000.0,685.0,114.26,17.660516,77.660704,0,0,2,1774.5,1.7745,NH-65,National Highway,Telangana,False,False,True,0,0,0,0,,,,
Route_3_ST_139,Route 3,Station Candidate,690000.0,690.0,109.26,17.62725,77.690052,0,0,1,4494.32,4.4943,NH-65,National Highway,Telangana,False,False,True,0,0,0,0,,,,
Route_3_ST_140,Route 3,Station Candidate,695000.0,695.0,104.26,17.598534,77.723584,0,0,0,,,,,,False,False,False,0,0,0,0,,,,
Route_3_ST_141,Route 3,Station Candidate,700000.0,700.0,99.26,17.561035,77.749027,0,0,0,,,,,,False,False,False,0,0,0,0,,,,
Route_3_ST_142,Route 3,Station Candidate,705000.0,705.0,94.26,17.537828,77.788769,0,0,0,,,,,,False,False,False,0,0,0,0,,,,
Route_3_ST_143,Route 3,Station Candidate,710000.0,710.0,89.26,17.511083,77.826163,0,0,0,,,,,,False,False,False,0,0,0,0,,,,
Route_3_ST_144,Route 3,Station Candidate,715000.0,715.0,84.26,17.480829,77.860662,0,0,0,,,,,,False,False,False,0,0,0,0,,,,
Route_3_ST_145,Route 3,Station Candidate,720000.0,720.0,79.26,17.444912,77.882183,0,0,0,,,,,,False,False,False,0,0,0,0,,,,
Route_3_ST_146,Route 3,Station Candidate,725000.0,725.0,74.26,17.40257,77.895705,0,0,0,,,,,,False,False,False,0,0,0,0,,,,
Route_3_ST_147,Route 3,Station Candidate,730000.0,730.0,69.26,17.359127,77.901079,0,0,0,,,,,,False,False,False,0,0,0,0,,,,
Route_3_ST_148,Route 3,Station Candidate,735000.0,735.0,64.26,17.333133,77.909563,0,0,0,,,,,,False,False,False,0,0,0,0,,,,
Route_3_ST_149,Route 3,Station Candidate,740000.0,740.0,59.26,17.370482,77.929586,0,0,0,,,,,,False,False,False,0,0,0,0,,,,
Route_3_ST_150,Route 3,Station Candidate,745000.0,745.0,54.26,17.394079,77.969645,0,0,0,,,,,,False,False,False,0,0,0,0,,,,
Route_3_ST_151,Route 3,Station Candidate,750000.0,750.0,49.26,17.409534,78.012252,0,0,1,3156.98,3.157,,National Highway,Telangana,False,False,True,0,0,0,0,,,,
Route_3_ST_152,Route 3,Station Candidate,755000.0,755.0,44.26,17.428685,78.053568,0,0,1,1637.53,1.6375,,National Highway,Telangana,False,False,True,0,0,0,0,,,,
Route_3_ST_153,Route 3,Station Candidate,760000.0,760.0,39.26,17.445696,78.096387,0,0,0,,,,,,False,False,False,0,0,0,0,,,,
Route_3_ST_154,Route 3,Station Candidate,765000.0,765.0,34.26,17.447841,78.141289,0,0,0,,,,,,False,False,False,0,0,0,0,,,,
Route_3_ST_155,Route 3,Station Candidate,770000.0,770.0,29.26,17.456656,78.186187,0,0,0,,,,,,False,False,False,0,0,0,0,,,,
Route_3_ST_156,Route 3,Station Candidate,775000.0,775.0,24.26,17.461827,78.23264,0,0,1,1808.03,1.808,Nehru Outer Ring Road (Hyderabad),State Expressway,Telangana,False,False,True,0,0,0,0,,,,
Route_3_ST_157,Route 3,Station Candidate,780000.0,780.0,19.26,17.475619,78.277156,0,0,2,3103.62,3.1036,Nehru Outer Ring Road (Hyderabad),State Expressway,Telangana,False,False,True,75,0,0,0,593.84,0.5938,,
Route_3_ST_158,Route 3,Station Candidate,785000.0,785.0,14.26,17.485259,78.321473,0,0,4,1091.49,1.0915,NH-65,National Highway,Telangana,False,False,True,6,2,0,0,140.84,0.1408,,school
Route_3_ST_159,Route 3,Station Candidate,790000.0,790.0,9.26,17.482512,78.365677,0,1,5,527.84,0.5278,Miyapur Road,Other Major Road,Telangana,False,True,True,1,0,1,0,677.24,0.6772,Chaitanya Junior College,college
Route_3_ST_160,Route 3,Station Candidate,795000.0,795.0,4.26,17.460112,78.403152,0,0,3,2684.85,2.6848,NH-65,National Highway,Telangana,False,False,True,0,0,0,0,,,,
Route_3_END,Route 3,Route End Candidate,799260.05,799.26005,0.0,17.460112,78.403152,0,0,3,2684.85,2.6848,NH-65,National Highway,Telangana,False,False,True,0,0,0,0,,,,
